Cycle,Direction,Position_mm,Force_N,StrokeCount,Time_s
1,FWD,121.79000,0.01000,0,0.358
1,FWD,121.79301,0.00000,0,0.449
1,FWD,121.80469,0.00000,0,0.543
1,FWD,121.82450,0.00000,0,0.619
1,FWD,121.84494,0.00000,0,0.714
1,FWD,121.88469,0.01000,0,0.808
1,FWD,121.93053,0.00000,0,0.916
1,FWD,121.99167,0.01000,0,1.010
1,FWD,122.05804,0.02000,0,1.119
1,FWD,122.14418,0.01000,0,1.213
1,FWD,122.22624,0.02000,0,1.320
1,FWD,122.33342,0.01000,0,1.415
1,FWD,122.43604,0.01000,0,1.509
1,FWD,122.55514,0.01000,0,1.618
1,FWD,122.68594,-0.01000,0,1.710
1,FWD,122.81502,0.00000,0,1.820
1,FWD,122.97639,0.01000,0,1.912
1,FWD,123.11771,0.01000,0,2.006
1,FWD,123.25701,0.00000,0,2.117
1,FWD,123.42948,0.01000,0,2.209
1,FWD,123.55981,0.00000,0,2.318
1,FWD,123.73257,0.00000,0,2.411
1,FWD,123.86359,0.00000,0,2.520
1,FWD,124.02910,0.00000,0,2.615
1,FWD,124.17019,0.00000,0,2.708
1,FWD,124.30702,0.04000,0,2.817
1,FWD,124.48992,0.14000,0,2.910
1,FWD,124.61078,0.51000,0,3.019
1,FWD,124.77644,5.02000,1,3.112
1,BWD,124.82301,4.99000,1,3.469
1,BWD,124.81905,4.72000,1,3.563
1,BWD,124.80838,4.40000,1,3.639
1,BWD,124.78986,3.99000,1,3.717
1,BWD,124.76660,3.26000,1,3.808
1,BWD,124.73151,2.60000,1,3.918
1,BWD,124.67828,1.98000,1,4.013
1,BWD,124.62418,0.69000,1,4.119
1,BWD,124.54906,0.21000,1,4.215
1,BWD,124.47670,0.16000,1,4.306
1,BWD,124.39578,0.09000,1,4.414
1,BWD,124.28764,0.00000,1,4.509
1,BWD,124.18920,0.00000,1,4.585
1,BWD,124.09650,0.01000,1,4.664
1,BWD,124.01144,0.02000,1,4.740
1,BWD,123.90051,0.02000,1,4.817
1,BWD,123.79324,0.01000,1,4.909
1,BWD,123.65617,0.00000,1,5.017
1,BWD,123.49401,0.01000,1,5.111
1,BWD,123.35239,0.01000,1,5.219
1,BWD,123.18992,0.01000,1,5.313
1,BWD,123.05002,0.00000,1,5.406
1,BWD,122.91183,0.01000,1,5.514
1,BWD,122.75113,0.01000,1,5.608
1,BWD,122.62263,0.02000,1,5.715
1,BWD,122.48612,-0.00000,1,5.808
1,BWD,122.37520,0.01000,1,5.918
1,BWD,122.25919,-0.00000,1,6.011
1,BWD,122.16761,-0.00000,1,6.106
1,BWD,122.08536,0.01000,1,6.183
1,BWD,122.03090,0.03000,1,6.261
1,BWD,121.96660,0.01000,1,6.340
1,BWD,121.91769,0.00000,1,6.418
1,BWD,121.87437,0.00000,1,6.511
1,BWD,121.83064,-0.01000,1,6.618
1,BWD,121.79127,0.01000,1,6.710
2,FWD,121.77908,0.01000,1,6.742
2,FWD,121.75885,0.01000,1,6.820
2,FWD,121.74699,-0.01000,1,6.911
2,FWD,121.74033,0.00000,1,7.021
2,FWD,121.74355,0.02000,1,7.112
2,FWD,121.75552,0.01000,1,7.206
2,FWD,121.77657,0.01000,1,7.314
2,FWD,121.81174,-0.00000,1,7.409
2,FWD,121.85206,0.02000,1,7.519
2,FWD,121.90954,0.01000,1,7.610
2,FWD,121.96741,0.01000,1,7.719
2,FWD,122.04474,0.01000,1,7.810
2,FWD,122.12112,0.01000,1,7.919
2,FWD,122.22492,0.00000,1,8.014
2,FWD,122.31850,0.00000,1,8.106
2,FWD,122.42556,0.01000,1,8.216
2,FWD,122.55717,0.02000,1,8.307
2,FWD,122.66943,0.01000,1,8.417
2,FWD,122.83631,0.01000,1,8.510
2,FWD,122.97530,0.00000,1,8.619
2,FWD,123.13919,0.00000,1,8.712
2,FWD,123.27648,0.01000,1,8.820
2,FWD,123.44022,0.01000,1,8.913
2,FWD,123.57080,0.00000,1,9.005
2,FWD,123.71536,0.02000,1,9.116
2,FWD,123.88442,0.01000,1,9.209
2,FWD,124.02359,0.01000,1,9.319
2,FWD,124.17131,0.01000,1,9.412
2,FWD,124.31451,0.05000,1,9.521
2,FWD,124.48227,0.14000,1,9.615
2,FWD,124.62640,0.57000,1,9.707
2,FWD,124.77009,5.28000,2,9.816
2,BWD,124.84258,4.96000,2,10.159
2,BWD,124.83925,4.82000,2,10.251
2,BWD,124.82752,4.37000,2,10.344
2,BWD,124.80740,3.99000,2,10.420
2,BWD,124.78713,3.07000,2,10.515
2,BWD,124.74739,2.41000,2,10.606
2,BWD,124.70222,1.77000,2,10.717
2,BWD,124.63972,1.19000,2,10.812
2,BWD,124.57442,0.17000,2,10.919
2,BWD,124.48663,0.13000,2,11.015
2,BWD,124.40347,0.09000,2,11.106
2,BWD,124.31358,0.00000,2,11.215
2,BWD,124.19455,0.00000,2,11.309
2,BWD,124.07823,0.02000,2,11.419
2,BWD,123.94368,0.00000,2,11.510
2,BWD,123.81758,-0.01000,2,11.618
2,BWD,123.65518,0.00000,2,11.713
2,BWD,123.51488,0.01000,2,11.805
2,BWD,123.37450,-0.00000,2,11.916
2,BWD,123.20393,0.01000,2,12.011
2,BWD,123.06778,0.02000,2,12.120
2,BWD,122.90112,0.02000,2,12.212
2,BWD,122.76846,0.01000,2,12.305
2,BWD,122.63863,0.01000,2,12.415
2,BWD,122.49722,0.00000,2,12.507
2,BWD,122.38692,0.00000,2,12.618
2,BWD,122.26919,0.01000,2,12.710
2,BWD,122.17869,0.01000,2,12.786
2,BWD,122.10847,0.00000,2,12.865
2,BWD,122.04552,0.01000,2,12.941
2,BWD,121.99203,0.00000,2,13.019
2,BWD,121.93600,0.01000,2,13.114
2,BWD,121.88222,0.01000,2,13.220
2,BWD,121.83076,0.00000,2,13.313
2,BWD,121.79513,0.02000,2,13.406
2,BWD,121.76869,0.00000,2,13.514
2,BWD,121.74853,0.01000,2,13.608
2,BWD,121.74081,0.01000,2,13.716
2,BWD,121.74219,0.00000,2,13.810
2,BWD,121.75272,0.01000,2,13.918
2,BWD,121.77404,0.00000,2,14.014
2,BWD,121.78629,0.01000,2,14.119
3,FWD,121.78969,0.01000,2,14.150
3,FWD,121.79467,0.01000,2,14.244
3,FWD,121.80846,0.01000,2,14.320
3,FWD,121.82634,0.00000,2,14.412
3,FWD,121.85627,0.02000,2,14.506
3,FWD,121.89471,-0.01000,2,14.614
3,FWD,121.95002,-0.00000,2,14.708
3,FWD,122.00694,0.01000,2,14.784
3,FWD,122.06068,0.00000,2,14.861
3,FWD,122.11474,0.03000,2,14.940
3,FWD,122.18836,0.02000,2,15.018
3,FWD,122.25974,0.02000,2,15.111
3,FWD,122.35491,0.01000,2,15.205
3,FWD,122.45850,0.00000,2,15.313
3,FWD,122.59226,-0.00000,2,15.408
3,FWD,122.71465,0.02000,2,15.516
3,FWD,122.86878,-0.01000,2,15.610
3,FWD,123.00927,0.00000,2,15.718
3,FWD,123.16857,0.01000,2,15.810
3,FWD,123.30991,0.01000,2,15.920
3,FWD,123.47147,0.01000,2,16.012
3,FWD,123.61375,0.01000,2,16.107
3,FWD,123.75356,0.00000,2,16.215
3,FWD,123.91541,-0.00000,2,16.308
3,FWD,124.05489,0.00000,2,16.416
3,FWD,124.21658,0.00000,2,16.509
3,FWD,124.35818,0.07000,2,16.618
3,FWD,124.52062,0.21000,2,16.711
3,FWD,124.66170,0.98000,2,16.806
3,FWD,124.80117,6.01000,3,16.913
3,BWD,124.87116,5.26000,3,17.269
3,BWD,124.86679,5.00000,3,17.361
3,BWD,124.85400,4.70000,3,17.438
3,BWD,124.83656,4.41000,3,17.516
3,BWD,124.81287,3.25000,3,17.610
3,BWD,124.77700,2.56000,3,17.718
3,BWD,124.72319,1.86000,3,17.811
3,BWD,124.66936,1.26000,3,17.918
3,BWD,124.59452,0.17000,3,18.011
3,BWD,124.52109,0.12000,3,18.119
3,BWD,124.42516,0.07000,3,18.213
3,BWD,124.33218,0.05000,3,18.307
3,BWD,124.23179,0.02000,3,18.416
3,BWD,124.10165,0.01000,3,18.508
3,BWD,123.99453,-0.00000,3,18.617
3,BWD,123.82797,-0.00000,3,18.713
3,BWD,123.68939,0.02000,3,18.805
3,BWD,123.55444,0.01000,3,18.914
3,BWD,123.38628,0.01000,3,19.008
3,BWD,123.24613,0.01000,3,19.117
3,BWD,123.09887,0.01000,3,19.210
3,BWD,122.95536,0.00000,3,19.319
3,BWD,122.78128,0.02000,3,19.412
3,BWD,122.65405,0.01000,3,19.519
3,BWD,122.51136,0.02000,3,19.614
3,BWD,122.41257,0.01000,3,19.706
3,BWD,122.29785,0.01000,3,19.815
3,BWD,122.19382,0.00000,3,19.909
3,BWD,122.10683,0.00000,3,20.017
3,BWD,122.01707,0.01000,3,20.112
3,BWD,121.95149,0.00000,3,20.220
3,BWD,121.89288,0.01000,3,20.314
3,BWD,121.84064,0.00000,3,20.406
3,BWD,121.80381,0.01000,3,20.514
3,BWD,121.77096,0.02000,3,20.607
3,BWD,121.75240,0.00000,3,20.682
3,BWD,121.74316,0.01000,3,20.761
3,BWD,121.74000,0.01000,3,20.838
3,BWD,121.74248,0.01000,3,20.915
3,BWD,121.75069,0.00000,3,21.009
3,BWD,121.76928,-0.00000,3,21.117
3,BWD,121.78519,0.01000,3,21.210
4,FWD,121.78822,0.01000,3,21.241
4,FWD,121.79726,0.00000,3,21.320
4,FWD,121.81159,-0.00000,3,21.412
4,FWD,121.83695,-0.01000,3,21.506
4,FWD,121.87491,-0.00000,3,21.614
4,FWD,121.92255,0.01000,3,21.709
4,FWD,121.97504,0.01000,3,21.817
4,FWD,122.04828,0.02000,3,21.910
4,FWD,122.11956,0.02000,3,22.019
4,FWD,122.21492,0.00000,3,22.112
4,FWD,122.31347,0.01000,3,22.220
4,FWD,122.41777,0.00000,3,22.312
4,FWD,122.52781,-0.00000,3,22.407
4,FWD,122.64705,0.00000,3,22.515
4,FWD,122.79472,0.01000,3,22.608
4,FWD,122.93160,0.00000,3,22.717
4,FWD,123.09344,0.00000,3,22.811
4,FWD,123.23506,0.01000,3,22.905
4,FWD,123.37482,-0.00000,3,23.011
4,FWD,123.53590,0.00000,3,23.120
4,FWD,123.69723,0.01000,3,23.211
4,FWD,123.83408,0.01000,3,23.318
4,FWD,123.99811,0.00000,3,23.412
4,FWD,124.13657,0.00000,3,23.506
4,FWD,124.28111,-0.01000,3,23.616
4,FWD,124.44047,0.11000,3,23.709
4,FWD,124.58154,0.47000,3,23.817
4,FWD,124.74361,2.12000,4,23.909
4,BWD,124.79068,3.87000,4,24.266
4,BWD,124.78764,3.69000,4,24.344
4,BWD,124.77678,3.37000,4,24.422
4,BWD,124.76102,3.06000,4,24.514
4,BWD,124.73456,2.58000,4,24.605
4,BWD,124.69918,2.06000,4,24.715
4,BWD,124.64619,0.86000,4,24.807
4,BWD,124.59267,0.39000,4,24.916
4,BWD,124.51630,0.17000,4,25.011
4,BWD,124.44325,0.07000,4,25.119
4,BWD,124.34765,0.02000,4,25.212
4,BWD,124.25470,0.01000,4,25.305
4,BWD,124.15544,0.02000,4,25.382
4,BWD,124.06564,0.01000,4,25.459
4,BWD,123.96995,0.01000,4,25.535
4,BWD,123.86953,0.00000,4,25.627
4,BWD,123.73964,0.02000,4,25.721
4,BWD,123.60082,0.00000,4,25.813
4,BWD,123.46355,0.00000,4,25.905
4,BWD,123.32282,0.00000,4,26.014
4,BWD,123.16127,0.01000,4,26.108
4,BWD,123.01961,0.02000,4,26.216
4,BWD,122.85839,-0.00000,4,26.309
4,BWD,122.72220,0.01000,4,26.419
4,BWD,122.57446,0.00000,4,26.511
4,BWD,122.45919,0.01000,4,26.605
4,BWD,122.35152,0.00000,4,26.713
4,BWD,122.23803,0.01000,4,26.807
4,BWD,122.14899,0.03000,4,26.914
4,BWD,122.05738,0.01000,4,27.008
4,BWD,121.98719,-0.00000,4,27.118
4,BWD,121.91650,0.00000,4,27.209
4,BWD,121.86568,-0.01000,4,27.319
4,BWD,121.81724,0.01000,4,27.411
4,BWD,121.78522,-0.00000,4,27.505
5,FWD,121.77277,-0.00000,4,27.535
5,FWD,121.75544,0.01000,4,27.613
5,FWD,121.74500,-0.01000,4,27.705
5,FWD,121.74002,0.02000,4,27.815
5,FWD,121.74538,0.00000,4,27.907
5,FWD,121.75925,0.01000,4,28.017
5,FWD,121.78663,0.00000,4,28.109
5,FWD,121.81909,0.00000,4,28.219
5,FWD,121.86880,0.01000,4,28.311
5,FWD,121.91291,0.01000,4,28.418
5,FWD,121.99076,0.02000,4,28.513
5,FWD,122.06142,0.01000,4,28.606
5,FWD,122.13759,0.02000,4,28.717
5,FWD,122.24701,-0.00000,4,28.811
5,FWD,122.34378,0.02000,4,28.920
5,FWD,122.47017,0.01000,4,29.012
5,FWD,122.57351,-0.00000,4,29.105
5,FWD,122.70222,0.02000,4,29.213
5,FWD,122.86402,0.01000,4,29.304
5,FWD,123.00729,0.02000,4,29.416
5,FWD,123.16943,0.01000,4,29.508
5,FWD,123.31042,0.02000,4,29.618
5,FWD,123.46283,0.00000,4,29.711
5,FWD,123.60684,-0.00000,4,29.819
5,FWD,123.77439,0.00000,4,29.913
5,FWD,123.91512,0.01000,4,30.019
5,FWD,124.06244,0.02000,4,30.113
5,FWD,124.20571,0.01000,4,30.207
5,FWD,124.35934,0.01000,4,30.317
5,FWD,124.51772,0.09000,4,30.409
5,FWD,124.66092,2.13000,4,30.517
5,FWD,124.82369,4.38000,5,30.611
5,BWD,124.87221,5.29000,5,30.965
5,BWD,124.86824,4.93000,5,31.042
5,BWD,124.85825,4.61000,5,31.119
5,BWD,124.84256,4.12000,5,31.213
5,BWD,124.81519,3.51000,5,31.307
5,BWD,124.77596,2.89000,5,31.416
5,BWD,124.72646,1.35000,5,31.507
5,BWD,124.67164,0.79000,5,31.616
5,BWD,124.59703,0.29000,5,31.709
5,BWD,124.52458,0.14000,5,31.816
5,BWD,124.42689,0.05000,5,31.908
5,BWD,124.33844,0.00000,5,32.017
5,BWD,124.22012,0.01000,5,32.110
5,BWD,124.10931,0.01000,5,32.219
5,BWD,123.96379,0.01000,5,32.312
5,BWD,123.84040,0.02000,5,32.406
5,BWD,123.70303,0.01000,5,32.482
5,BWD,123.58695,0.00000,5,32.559
5,BWD,123.47053,0.01000,5,32.638
5,BWD,123.36157,-0.00000,5,32.717
5,BWD,123.23637,0.01000,5,32.809
5,BWD,123.09724,0.00000,5,32.918
5,BWD,122.91498,0.01000,5,33.009
5,BWD,122.79729,-0.00000,5,33.119
5,BWD,122.64104,0.00000,5,33.213
5,BWD,122.52316,0.01000,5,33.305
5,BWD,122.41090,0.01000,5,33.415
5,BWD,122.29133,0.01000,5,33.506
5,BWD,122.19824,0.01000,5,33.614
5,BWD,122.10117,0.01000,5,33.706
5,BWD,122.02711,0.02000,5,33.815
5,BWD,121.94992,-0.01000,5,33.908
5,BWD,121.89494,0.01000,5,33.984
5,BWD,121.85453,0.02000,5,34.062
5,BWD,121.82353,0.00000,5,34.140
5,BWD,121.79161,0.01000,5,34.218
6,FWD,121.78348,0.02000,5,34.249
6,FWD,121.76295,0.02000,5,34.342
6,FWD,121.74712,0.01000,5,34.434
6,FWD,121.74047,-0.00000,5,34.511
6,FWD,121.74112,0.01000,5,34.619
6,FWD,121.75196,0.00000,5,34.712
6,FWD,121.77139,0.00000,5,34.806
6,FWD,121.79844,0.01000,5,34.914
6,FWD,121.84198,0.01000,5,35.007
6,FWD,121.88785,0.01000,5,35.114
6,FWD,121.95301,0.01000,5,35.209
6,FWD,122.01866,-0.01000,5,35.318
6,FWD,122.10493,-0.00000,5,35.411
6,FWD,122.18850,-0.00000,5,35.505
6,FWD,122.28107,0.01000,5,35.580
6,FWD,122.35550,-0.01000,5,35.661
6,FWD,122.45637,0.01000,5,35.739
6,FWD,122.55006,0.02000,5,35.813
6,FWD,122.64990,-0.01000,5,35.905
6,FWD,122.77969,-0.00000,5,35.982
6,FWD,122.87895,0.01000,5,36.059
6,FWD,123.01158,0.01000,5,36.136
6,FWD,123.12309,0.01000,5,36.212
6,FWD,123.23695,-0.00000,5,36.320
6,FWD,123.40002,0.01000,5,36.413
6,FWD,123.54018,0.01000,5,36.507
6,FWD,123.67997,0.01000,5,36.617
6,FWD,123.84465,0.01000,5,36.709
6,FWD,123.98128,0.01000,5,36.816
6,FWD,124.14408,0.02000,5,36.910
6,FWD,124.28351,0.01000,5,37.017
6,FWD,124.44598,0.06000,5,37.111
6,FWD,124.58609,0.84000,5,37.219
6,FWD,124.74854,2.96000,6,37.313
6,BWD,124.79677,3.82000,6,37.658
6,BWD,124.79331,3.75000,6,37.735
6,BWD,124.78391,3.32000,6,37.827
6,BWD,124.76488,2.64000,6,37.920
6,BWD,124.73721,2.27000,6,38.012
6,BWD,124.70080,1.75000,6,38.105
6,BWD,124.65945,1.14000,6,38.212
6,BWD,124.59238,0.20000,6,38.307
6,BWD,124.52910,0.14000,6,38.414
6,BWD,124.45383,0.09000,6,38.507
6,BWD,124.36997,0.04000,6,38.615
6,BWD,124.25607,0.01000,6,38.707
6,BWD,124.15598,-0.00000,6,38.815
6,BWD,124.02808,-0.01000,6,38.907
6,BWD,123.92076,-0.00000,6,39.015
6,BWD,123.76037,0.02000,6,39.108
6,BWD,123.62368,0.01000,6,39.217
6,BWD,123.45869,0.01000,6,39.309
6,BWD,123.33574,-0.01000,6,39.417
6,BWD,123.16891,-0.01000,6,39.509
6,BWD,123.02438,-0.01000,6,39.616
6,BWD,122.85750,0.00000,6,39.710
6,BWD,122.72461,0.01000,6,39.818
6,BWD,122.58816,0.01000,6,39.914
6,BWD,122.46833,0.00000,6,40.006
6,BWD,122.35300,0.01000,6,40.113
6,BWD,122.23939,0.00000,6,40.206
6,BWD,122.15099,-0.00000,6,40.283
6,BWD,122.08301,0.01000,6,40.362
6,BWD,122.02209,-0.00000,6,40.439
6,BWD,121.96635,0.01000,6,40.517
6,BWD,121.91965,0.03000,6,40.611
6,BWD,121.86614,0.01000,6,40.716
6,BWD,121.81793,0.01000,6,40.811
6,BWD,121.78542,0.00000,6,40.918
7,FWD,121.76968,-0.00000,6,40.948
7,FWD,121.75344,0.01000,6,41.026
7,FWD,121.74389,-0.00000,6,41.104
7,FWD,121.74005,0.00000,6,41.213
7,FWD,121.74509,0.00000,6,41.305
7,FWD,121.75893,-0.00000,6,41.414
7,FWD,121.78590,0.00000,6,41.507
7,FWD,121.81875,0.01000,6,41.617
7,FWD,121.86729,0.01000,6,41.710
7,FWD,121.91901,-0.01000,6,41.819
7,FWD,121.98850,0.00000,6,41.911
7,FWD,122.06041,0.01000,6,42.006
7,FWD,122.14127,-0.01000,6,42.115
7,FWD,122.24506,0.01000,6,42.211
7,FWD,122.34605,0.01000,6,42.307
7,FWD,122.45173,-0.00000,6,42.414
7,FWD,122.60132,-0.01000,6,42.509
7,FWD,122.71564,0.02000,6,42.619
7,FWD,122.87756,0.01000,6,42.714
7,FWD,123.01762,0.01000,6,42.807
7,FWD,123.15482,0.01000,6,42.915
7,FWD,123.31854,0.02000,6,43.009
7,FWD,123.45863,0.01000,6,43.117
7,FWD,123.62536,-0.01000,6,43.212
7,FWD,123.76506,0.00000,6,43.305
7,FWD,123.90701,-0.00000,6,43.385
7,FWD,124.02557,0.00000,6,43.464
7,FWD,124.14201,0.01000,6,43.541
7,FWD,124.26164,0.00000,6,43.621
7,FWD,124.38024,0.03000,6,43.716
7,FWD,124.51931,0.13000,6,43.809
7,FWD,124.66183,0.52000,6,43.908
7,FWD,124.80350,5.41000,7,44.013
7,BWD,124.87479,5.22000,7,44.360
7,BWD,124.87177,5.05000,7,44.437
7,BWD,124.86102,4.61000,7,44.515
7,BWD,124.84483,4.46000,7,44.610
7,BWD,124.81732,3.11000,7,44.719
7,BWD,124.77426,2.44000,7,44.814
7,BWD,124.72744,1.75000,7,44.907
7,BWD,124.67278,1.16000,7,45.017
7,BWD,124.59650,0.13000,7,45.111
7,BWD,124.52316,0.10000,7,45.220
7,BWD,124.42345,0.08000,7,45.315
7,BWD,124.32912,0.02000,7,45.408
7,BWD,124.22601,-0.00000,7,45.504
7,BWD,124.11269,0.01000,7,45.614
7,BWD,123.97258,0.00000,7,45.722
7,BWD,123.83638,0.01000,7,45.827
7,BWD,123.67818,-0.01000,7,45.918
7,BWD,123.53011,0.01000,7,46.015
7,BWD,123.39169,0.01000,7,46.107
7,BWD,123.24374,0.00000,7,46.213
7,BWD,123.08508,0.01000,7,46.305
7,BWD,122.95069,-0.00000,7,46.410
7,BWD,122.79425,0.00000,7,46.518
7,BWD,122.64389,0.01000,7,46.609
7,BWD,122.52186,0.01000,7,46.705
7,BWD,122.40696,-0.00000,7,46.814
7,BWD,122.28945,0.00000,7,46.907
7,BWD,122.19392,-0.01000,7,47.018
7,BWD,122.09732,0.00000,7,47.109
7,BWD,122.02291,0.01000,7,47.219
7,BWD,121.94644,0.01000,7,47.311
7,BWD,121.89149,0.02000,7,47.405
7,BWD,121.84407,-0.03000,7,47.513
7,BWD,121.80121,0.00000,7,47.605
7,BWD,121.77542,0.02000,7,47.715
7,BWD,121.75070,-0.01000,7,47.809
7,BWD,121.74134,0.02000,7,47.919
7,BWD,121.74133,0.01000,7,48.010
7,BWD,121.75034,0.00000,7,48.118
7,BWD,121.77113,-0.01000,7,48.211
7,BWD,121.78474,0.00000,7,48.319
7,BWD,121.79000,0.01000,7,48.413
8,FWD,121.79000,0.02000,7,48.443
8,FWD,121.79312,0.01000,7,48.535
8,FWD,121.80473,0.02000,7,48.629
8,FWD,121.82492,0.02000,7,48.705
8,FWD,121.84588,0.01000,7,48.814
8,FWD,121.89181,0.00000,7,48.908
8,FWD,121.93691,0.06000,7,49.015
8,FWD,122.00206,0.02000,7,49.110
8,FWD,122.05947,-0.00000,7,49.217
8,FWD,122.14752,0.00000,7,49.309
8,FWD,122.23326,0.01000,7,49.418
8,FWD,122.34709,-0.01000,7,49.513
8,FWD,122.44908,-0.00000,7,49.604
8,FWD,122.55773,0.00000,7,49.681
8,FWD,122.65852,0.02000,7,49.759
8,FWD,122.76338,0.00000,7,49.837
8,FWD,122.87343,0.01000,7,49.914
8,FWD,122.98915,0.01000,7,50.008
8,FWD,123.12908,0.03000,7,50.115
8,FWD,123.27577,0.01000,7,50.210
8,FWD,123.43414,0.00000,7,50.318
8,FWD,123.58749,0.01000,7,50.412
8,FWD,123.73165,0.01000,7,50.505
8,FWD,123.87688,0.00000,7,50.612
8,FWD,124.03593,0.00000,7,50.704
8,FWD,124.17336,0.00000,7,50.811
8,FWD,124.33504,0.02000,7,50.904
8,FWD,124.48271,0.07000,7,51.011
8,FWD,124.63572,1.64000,7,51.104
8,FWD,124.77480,3.82000,8,51.214
8,BWD,124.84705,4.67000,8,51.572
8,BWD,124.84292,4.41000,8,51.650
8,BWD,124.83291,4.18000,8,51.727
8,BWD,124.81705,3.51000,8,51.804
8,BWD,124.79471,2.96000,8,51.915
8,BWD,124.75126,2.33000,8,52.008
8,BWD,124.70808,1.68000,8,52.118
8,BWD,124.64248,0.47000,8,52.209
8,BWD,124.58265,0.16000,8,52.319
8,BWD,124.49574,0.12000,8,52.413
8,BWD,124.41369,0.08000,8,52.506
8,BWD,124.32196,0.00000,8,52.615
8,BWD,124.20701,-0.01000,8,52.706
8,BWD,124.09697,-0.00000,8,52.816
8,BWD,123.95792,0.01000,8,52.908
8,BWD,123.82925,0.01000,8,53.017
8,BWD,123.66887,0.01000,8,53.109
8,BWD,123.53152,0.01000,8,53.217
8,BWD,123.36875,0.01000,8,53.312
8,BWD,123.23151,0.02000,8,53.418
8,BWD,123.06654,0.00000,8,53.512
8,BWD,122.92832,0.01000,8,53.619
8,BWD,122.76685,0.01000,8,53.713
8,BWD,122.63709,0.00000,8,53.807
8,BWD,122.51656,0.01000,8,53.916
8,BWD,122.38674,0.01000,8,54.010
8,BWD,122.28684,0.02000,8,54.116
8,BWD,122.17712,0.00000,8,54.211
8,BWD,122.09497,0.01000,8,54.304
8,BWD,122.02050,0.01000,8,54.413
8,BWD,121.94440,0.02000,8,54.507
8,BWD,121.88916,0.00000,8,54.617
8,BWD,121.83493,0.01000,8,54.711
8,BWD,121.79932,0.01000,8,54.818
8,BWD,121.76752,0.02000,8,54.912
8,BWD,121.75004,-0.00000,8,55.004
8,BWD,121.74119,0.00000,8,55.114
8,BWD,121.74161,0.01000,8,55.207
8,BWD,121.75122,-0.00000,8,55.317
8,BWD,121.77225,0.01000,8,55.410
8,BWD,121.78534,0.01000,8,55.518
9,FWD,121.78909,-0.00000,8,55.549
9,FWD,121.79656,0.00000,8,55.626
9,FWD,121.80937,-0.00000,8,55.718
9,FWD,121.83323,0.00000,8,55.814
9,FWD,121.86554,0.01000,8,55.905
9,FWD,121.90582,0.01000,8,55.982
9,FWD,121.94074,0.02000,8,56.061
9,FWD,121.99453,-0.00000,8,56.140
9,FWD,122.04614,0.00000,8,56.216
9,FWD,122.10506,0.03000,8,56.308
9,FWD,122.18189,0.00000,8,56.415
9,FWD,122.28525,-0.00000,8,56.511
9,FWD,122.38505,0.01000,8,56.606
9,FWD,122.49203,0.00000,8,56.715
9,FWD,122.62859,0.00000,8,56.810
9,FWD,122.75344,-0.01000,8,56.919
9,FWD,122.91138,0.00000,8,57.012
9,FWD,123.05214,0.00000,8,57.105
9,FWD,123.19224,0.00000,8,57.214
9,FWD,123.35562,0.00000,8,57.309
9,FWD,123.49445,-0.00000,8,57.416
9,FWD,123.65730,0.00000,8,57.509
9,FWD,123.79465,0.01000,8,57.617
9,FWD,123.95938,0.02000,8,57.710
9,FWD,124.09786,0.01000,8,57.819
9,FWD,124.26371,0.02000,8,57.914
9,FWD,124.40659,0.04000,8,58.009
9,FWD,124.54765,0.13000,8,58.118
9,FWD,124.71389,0.57000,9,58.214
9,BWD,124.76178,3.22000,9,58.555
9,BWD,124.75787,3.05000,9,58.633
9,BWD,124.74798,2.87000,9,58.710
9,BWD,124.73338,2.58000,9,58.803
9,BWD,124.70612,2.15000,9,58.913
9,BWD,124.66301,1.09000,10,59.005
9,BWD,124.61669,0.74000,10,59.084
9,BWD,124.57125,0.39000,10,59.162
9,BWD,124.52162,0.13000,10,59.237
9,BWD,124.46449,0.09000,10,59.316
9,BWD,124.40108,0.05000,10,59.410
9,BWD,124.31895,0.01000,10,59.517
9,BWD,124.22256,0.00000,10,59.611
9,BWD,124.11978,0.00000,10,59.717
9,BWD,123.98640,0.00000,10,59.810
9,BWD,123.86228,-0.01000,10,59.917
9,BWD,123.71049,0.01000,10,60.010
9,BWD,123.57230,0.01000,10,60.104
9,BWD,123.43191,0.03000,10,60.213
9,BWD,123.27573,0.02000,10,60.307
9,BWD,123.12873,0.02000,10,60.415
9,BWD,122.96474,0.00000,10,60.509
9,BWD,122.82510,0.01000,10,60.616
9,BWD,122.67400,0.00000,10,60.709
9,BWD,122.55019,0.02000,10,60.817
9,BWD,122.41978,-0.01000,10,60.910
9,BWD,122.31470,-0.00000,10,61.003
9,BWD,122.21915,0.02000,10,61.081
9,BWD,122.14582,0.00000,10,61.158
9,BWD,122.07820,0.01000,10,61.237
9,BWD,122.02144,0.00000,10,61.313
9,BWD,121.96358,0.01000,10,61.406
9,BWD,121.90527,0.02000,10,61.516
9,BWD,121.84885,-0.01000,10,61.609
9,BWD,121.80942,0.01000,10,61.703
9,BWD,121.77932,0.00000,10,61.811
9,BWD,121.75338,0.00000,10,61.906
9,BWD,121.74297,0.02000,10,62.012
9,BWD,121.74058,0.00000,10,62.107
9,BWD,121.74725,0.01000,10,62.216
9,BWD,121.76629,0.00000,10,62.310
9,BWD,121.78239,0.01000,10,62.404
9,BWD,121.78955,-0.01000,10,62.513
10,FWD,121.79000,0.00000,10,62.544
10,FWD,121.79306,0.02000,10,62.637
10,FWD,121.80486,0.01000,10,62.730
10,FWD,121.82523,0.02000,10,62.807
10,FWD,121.84913,0.01000,10,62.917
10,FWD,121.89194,0.01000,10,63.009
10,FWD,121.93813,0.00000,10,63.118
10,FWD,122.00370,0.00000,10,63.211
10,FWD,122.06836,0.02000,10,63.304
10,FWD,122.14256,0.01000,10,63.381
10,FWD,122.21000,0.00000,10,63.459
10,FWD,122.27940,0.02000,10,63.537
10,FWD,122.36572,-0.00000,10,63.615
10,FWD,122.45002,-0.00000,10,63.706
10,FWD,122.56223,0.01000,10,63.816
10,FWD,122.70104,-0.00000,10,63.907
10,FWD,122.83151,0.00000,10,64.016
10,FWD,122.99292,0.01000,10,64.109
10,FWD,123.13336,0.00000,10,64.204
10,FWD,123.27483,0.01000,10,64.313
10,FWD,123.43764,-0.01000,10,64.406
10,FWD,123.57896,0.01000,10,64.516
10,FWD,123.74296,0.00000,10,64.609
10,FWD,123.88303,0.00000,10,64.718
10,FWD,124.04589,0.01000,10,64.811
10,FWD,124.18376,0.01000,10,64.903
10,FWD,124.32421,0.03000,10,64.981
10,FWD,124.43901,0.08000,10,65.058
10,FWD,124.55640,0.24000,10,65.137
10,FWD,124.67272,2.75000,10,65.214
10,FWD,124.78726,2.21000,11,65.305
10,BWD,124.83399,4.51000,11,65.649
10,BWD,124.83054,4.21000,11,65.727
10,BWD,124.82111,3.98000,11,65.807
10,BWD,124.80567,3.63000,11,65.913
10,BWD,124.77410,3.11000,11,66.005
10,BWD,124.73753,1.74000,11,66.115
10,BWD,124.68344,1.15000,11,66.209
10,BWD,124.62798,0.68000,11,66.317
10,BWD,124.55051,0.22000,11,66.412
10,BWD,124.47576,0.08000,11,66.506
10,BWD,124.39294,0.03000,11,66.614
10,BWD,124.28577,-0.00000,11,66.707
10,BWD,124.18335,0.00000,11,66.816
10,BWD,124.05157,0.01000,11,66.911
10,BWD,123.93144,0.01000,11,67.004
10,BWD,123.80009,0.02000,11,67.113
10,BWD,123.63987,0.01000,11,67.206
10,BWD,123.50076,0.01000,11,67.315
10,BWD,123.33707,-0.00000,11,67.407
10,BWD,123.19703,0.01000,11,67.517
10,BWD,123.03159,0.01000,11,67.611
10,BWD,122.89278,0.03000,11,67.704
10,BWD,122.75664,0.01000,11,67.812
10,BWD,122.60815,-0.00000,11,67.905
10,BWD,122.49785,0.00000,11,68.015
10,BWD,122.36022,-0.00000,11,68.108
10,BWD,122.26035,0.00000,11,68.216
10,BWD,122.15667,0.00000,11,68.309
10,BWD,122.08569,0.01000,11,68.418
10,BWD,121.99335,-0.00000,11,68.511
10,BWD,121.93188,0.01000,11,68.604
10,BWD,121.87924,0.02000,11,68.714
10,BWD,121.82664,0.01000,11,68.806
10,BWD,121.79199,0.00000,11,68.915
11,FWD,121.77560,0.02000,11,68.946
11,FWD,121.75687,-0.00000,11,69.023
11,FWD,121.74561,0.02000,11,69.117
11,FWD,121.74008,-0.00000,11,69.210
11,FWD,121.74313,0.02000,11,69.318
11,FWD,121.75758,0.01000,11,69.409
11,FWD,121.77689,0.01000,11,69.517
11,FWD,121.81335,0.01000,11,69.610
11,FWD,121.85500,-0.01000,11,69.717
11,FWD,121.91273,-0.00000,11,69.811
11,FWD,121.97183,0.03000,11,69.904
11,FWD,122.03883,0.00000,11,70.010
11,FWD,122.12640,0.01000,11,70.107
11,FWD,122.21716,0.01000,11,70.215
11,FWD,122.32880,0.01000,11,70.309
11,FWD,122.43451,-0.00000,11,70.416
11,FWD,122.56963,0.01000,11,70.512
11,FWD,122.69639,0.01000,11,70.606
11,FWD,122.83041,0.02000,11,70.714
11,FWD,122.98807,0.00000,11,70.808
11,FWD,123.13308,0.01000,11,70.915
11,FWD,123.29681,0.01000,11,71.011
11,FWD,123.43674,0.02000,11,71.104
11,FWD,123.57645,0.01000,11,71.213
11,FWD,123.74110,0.02000,11,71.307
11,FWD,123.89048,-0.00000,11,71.415
11,FWD,124.04277,0.00000,11,71.508
11,FWD,124.18159,-0.01000,11,71.616
11,FWD,124.34486,0.00000,11,71.711
11,FWD,124.48763,0.17000,11,71.805
11,FWD,124.62608,0.84000,11,71.912
11,FWD,124.79928,2.73000,12,72.007
11,BWD,124.83961,4.56000,12,72.346
11,BWD,124.83654,4.24000,12,72.425
11,BWD,124.82676,3.91000,12,72.518
11,BWD,124.80548,3.52000,12,72.610
11,BWD,124.77943,3.00000,12,72.704
11,BWD,124.74310,2.37000,12,72.781
11,BWD,124.70618,1.19000,12,72.858
11,BWD,124.66319,0.77000,12,72.935
11,BWD,124.61575,0.45000,12,73.013
11,BWD,124.55891,0.15000,12,73.108
11,BWD,124.48364,0.08000,12,73.217
11,BWD,124.38540,0.03000,12,73.311
11,BWD,124.29048,0.01000,12,73.404
11,BWD,124.19115,0.01000,12,73.512
11,BWD,124.05878,0.00000,12,73.608
11,BWD,123.93684,0.01000,12,73.716
11,BWD,123.78487,0.01000,12,73.810
11,BWD,123.64524,0.00000,12,73.903
11,BWD,123.50644,0.01000,12,73.981
11,BWD,123.39032,0.00000,12,74.058
11,BWD,123.28172,0.01000,12,74.137
11,BWD,123.14869,0.00000,12,74.215
11,BWD,123.03931,0.00000,12,74.308
11,BWD,122.89951,0.01000,12,74.415
11,BWD,122.74002,-0.01000,12,74.509
11,BWD,122.61261,-0.00000,12,74.617
11,BWD,122.47535,0.00000,12,74.712
11,BWD,122.36432,0.02000,12,74.807
11,BWD,122.26498,0.00000,12,74.916
11,BWD,122.15656,0.00000,12,75.012
11,BWD,122.07550,0.01000,12,75.105
11,BWD,122.00259,0.01000,12,75.215
11,BWD,121.92842,0.00000,12,75.309
11,BWD,121.87625,0.00000,12,75.416
11,BWD,121.82540,0.02000,12,75.512
11,BWD,121.79095,0.00000,12,75.606
12,FWD,121.77647,0.01000,12,75.637
12,FWD,121.75861,0.02000,12,75.716
12,FWD,121.74654,0.00000,12,75.810
12,FWD,121.74024,0.02000,12,75.918
12,FWD,121.74375,-0.02000,12,76.010
12,FWD,121.75634,0.01000,12,76.105
12,FWD,121.77746,0.01000,12,76.213
12,FWD,121.81305,0.01000,12,76.306
12,FWD,121.85297,0.01000,12,76.415
12,FWD,121.91039,0.00000,12,76.508
12,FWD,121.96939,0.01000,12,76.602
12,FWD,122.03767,-0.00000,12,76.710
12,FWD,122.12695,0.01000,12,76.803
12,FWD,122.21387,-0.00000,12,76.914
12,FWD,122.32545,0.00000,12,77.006
12,FWD,122.43109,-0.01000,12,77.116
12,FWD,122.56547,0.01000,12,77.209
12,FWD,122.69161,0.01000,12,77.304
12,FWD,122.82513,0.01000,12,77.412
12,FWD,122.98951,0.00000,12,77.508
12,FWD,123.13002,0.01000,12,77.617
12,FWD,123.29468,0.01000,12,77.711
12,FWD,123.43635,0.01000,12,77.805
12,FWD,123.55943,0.01000,12,77.884
12,FWD,123.69283,0.01000,12,77.960
12,FWD,123.80947,0.00000,12,78.038
12,FWD,123.92429,0.00000,12,78.114
12,FWD,124.04170,0.00000,12,78.209
12,FWD,124.18143,0.00000,12,78.302
12,FWD,124.32120,0.03000,12,78.380
12,FWD,124.43824,0.10000,12,78.458
12,FWD,124.55527,0.19000,12,78.535
12,FWD,124.67048,0.64000,12,78.612
12,FWD,124.78576,3.26000,13,78.706
12,BWD,124.83523,4.43000,13,79.050
12,BWD,124.83147,4.15000,13,79.127
12,BWD,124.82175,4.20000,13,79.204
12,BWD,124.80698,3.29000,13,79.312
12,BWD,124.77414,2.72000,13,79.408
12,BWD,124.73628,2.12000,13,79.515
12,BWD,124.68869,0.84000,13,79.609
12,BWD,124.63244,0.35000,13,79.703
12,BWD,124.56181,0.17000,13,79.812
12,BWD,124.47755,0.11000,13,79.905
12,BWD,124.39240,0.01000,13,80.013
12,BWD,124.28352,0.00000,13,80.106
12,BWD,124.18056,0.01000,13,80.215
12,BWD,124.05999,-0.00000,13,80.308
12,BWD,123.92891,0.00000,13,80.403
12,BWD,123.79592,-0.01000,13,80.510
12,BWD,123.63812,-0.00000,13,80.605
12,BWD,123.49467,0.01000,13,80.714
12,BWD,123.33337,-0.00000,13,80.808
12,BWD,123.19067,0.01000,13,80.903
12,BWD,123.05046,-0.00000,13,81.011
12,BWD,122.88779,-0.00000,13,81.105
12,BWD,122.74092,0.02000,13,81.213
12,BWD,122.60233,0.01000,13,81.307
12,BWD,122.48428,0.03000,13,81.414
12,BWD,122.35735,0.03000,13,81.508
12,BWD,122.25664,0.00000,13,81.604
12,BWD,122.16653,-0.01000,13,81.712
12,BWD,122.06709,0.00000,13,81.807
12,BWD,121.99052,0.00000,13,81.916
12,BWD,121.92415,0.01000,13,82.011
12,BWD,121.87263,0.01000,13,82.103
12,BWD,121.82915,0.01000,13,82.214
12,BWD,121.78848,-0.00000,13,82.309
13,FWD,121.77488,0.01000,13,82.338
13,FWD,121.75854,0.02000,13,82.418
13,FWD,121.74519,0.01000,13,82.512
13,FWD,121.74012,0.02000,13,82.605
13,FWD,121.74316,0.01000,13,82.714
13,FWD,121.75763,-0.00000,13,82.806
13,FWD,121.77953,0.00000,13,82.917
13,FWD,121.81656,-0.01000,13,83.011
13,FWD,121.85767,-0.00000,13,83.103
13,FWD,121.90703,0.01000,13,83.214
13,FWD,121.97654,0.01000,13,83.307
13,FWD,122.04610,0.02000,13,83.417
13,FWD,122.13746,0.00000,13,83.510
13,FWD,122.22432,0.01000,13,83.603
13,FWD,122.32060,0.01000,13,83.713
13,FWD,122.44422,-0.01000,13,83.807
13,FWD,122.56125,0.01000,13,83.916
13,FWD,122.70364,0.00000,13,84.007
13,FWD,122.83795,-0.00000,13,84.117
13,FWD,123.00223,0.00000,13,84.210
13,FWD,123.14215,0.02000,13,84.304
13,FWD,123.28191,-0.00000,13,84.413
13,FWD,123.44534,0.01000,13,84.506
13,FWD,123.58701,-0.00000,13,84.616
13,FWD,123.74849,0.00000,13,84.708
13,FWD,123.89013,0.02000,13,84.803
13,FWD,124.03056,0.00000,13,84.910
13,FWD,124.19115,0.00000,13,85.004
13,FWD,124.33223,-0.01000,13,85.114
13,FWD,124.49594,0.07000,13,85.208
13,FWD,124.63821,0.22000,13,85.302
13,FWD,124.78101,3.49000,14,85.382
13,BWD,124.80653,3.77000,14,85.741
13,BWD,124.80215,3.74000,14,85.832
13,BWD,124.78914,3.33000,14,85.926
13,BWD,124.76736,3.21000,14,86.003
13,BWD,124.74291,2.04000,14,86.111
13,BWD,124.69791,1.49000,14,86.205
13,BWD,124.64989,0.96000,14,86.313
13,BWD,124.58325,0.15000,14,86.409
13,BWD,124.51576,0.10000,14,86.518
13,BWD,124.42725,0.08000,14,86.610
13,BWD,124.34158,0.03000,14,86.704
13,BWD,124.24655,0.00000,14,86.813
13,BWD,124.12604,-0.00000,14,86.906
13,BWD,124.01137,0.01000,14,87.015
13,BWD,123.87061,-0.01000,14,87.108
13,BWD,123.73664,-0.00000,14,87.203
13,BWD,123.59629,0.01000,14,87.312
13,BWD,123.43098,0.00000,14,87.407
13,BWD,123.28928,0.01000,14,87.516
13,BWD,123.12441,0.00000,14,87.611
13,BWD,122.98245,0.01000,14,87.704
13,BWD,122.84435,0.01000,14,87.813
13,BWD,122.68636,0.00000,14,87.908
13,BWD,122.57523,0.01000,14,88.016
13,BWD,122.42874,-0.00000,14,88.110
13,BWD,122.32439,0.00000,14,88.203
13,BWD,122.22964,-0.01000,14,88.313
13,BWD,122.12427,0.01000,14,88.407
13,BWD,122.04726,0.01000,14,88.514
13,BWD,121.96836,0.01000,14,88.608
13,BWD,121.91386,0.01000,14,88.717
13,BWD,121.85135,0.00000,14,88.813
13,BWD,121.81181,0.01000,14,88.905
13,BWD,121.78094,0.00000,14,89.016
13,BWD,121.75512,0.01000,14,89.109
13,BWD,121.74336,0.01000,14,89.203
13,BWD,121.74002,0.00000,14,89.280
13,BWD,121.74368,0.00000,14,89.358
13,BWD,121.75336,0.00000,14,89.436
13,BWD,121.76876,0.01000,14,89.513
13,BWD,121.78146,0.00000,14,89.607
13,BWD,121.78938,0.02000,14,89.716
14,FWD,121.79000,0.00000,14,89.762
14,FWD,121.79397,0.01000,14,89.840
14,FWD,121.80420,0.01000,14,89.920
14,FWD,121.81850,0.03000,14,90.015
14,FWD,121.84579,0.01000,14,90.106
14,FWD,121.88460,0.00000,14,90.202
14,FWD,121.92986,0.00000,14,90.310
14,FWD,121.99309,0.02000,14,90.404
14,FWD,122.05719,0.00000,14,90.513
14,FWD,122.14209,0.01000,14,90.607
14,FWD,122.22619,0.02000,14,90.716
14,FWD,122.32816,0.01000,14,90.809
14,FWD,122.43481,0.00000,14,90.903
14,FWD,122.55332,0.00000,14,91.010
14,FWD,122.68394,0.00000,14,91.104
14,FWD,122.81264,-0.00000,14,91.212
14,FWD,122.97262,0.00000,14,91.306
14,FWD,123.12453,0.00000,14,91.415
14,FWD,123.27756,0.00000,14,91.508
14,FWD,123.42728,0.01000,14,91.616
14,FWD,123.58029,-0.01000,14,91.710
14,FWD,123.72066,0.02000,14,91.804
14,FWD,123.86234,0.01000,14,91.914
14,FWD,124.03345,0.01000,14,92.009
14,FWD,124.16801,0.00000,14,92.102
14,FWD,124.30720,0.01000,14,92.211
14,FWD,124.48792,0.09000,14,92.306
14,FWD,124.61295,0.23000,14,92.414
14,FWD,124.77351,4.00000,15,92.507
14,BWD,124.82383,4.05000,15,92.863
14,BWD,124.82011,4.00000,15,92.940
14,BWD,124.81149,3.86000,15,93.019
14,BWD,124.79441,3.62000,15,93.112
14,BWD,124.76760,2.42000,15,93.205
14,BWD,124.73183,1.88000,15,93.313
14,BWD,124.67938,1.31000,15,93.408
14,BWD,124.62417,0.77000,15,93.501
14,BWD,124.56110,0.14000,15,93.578
14,BWD,124.50066,0.11000,15,93.659
14,BWD,124.43966,0.05000,15,93.736
14,BWD,124.36167,0.04000,15,93.829
14,BWD,124.25952,0.01000,15,93.924
14,BWD,124.16584,-0.00000,15,94.017
14,BWD,124.05542,-0.01000,15,94.109
14,BWD,123.93477,0.00000,15,94.203
14,BWD,123.80874,0.00000,15,94.310
14,BWD,123.64844,0.00000,15,94.403
14,BWD,123.50774,0.01000,15,94.512
14,BWD,123.34397,-0.00000,15,94.607
14,BWD,123.20206,0.02000,15,94.715
14,BWD,123.03775,0.00000,15,94.810
14,BWD,122.89646,0.01000,15,94.904
14,BWD,122.75918,0.01000,15,95.013
14,BWD,122.60874,0.01000,15,95.107
14,BWD,122.49000,0.02000,15,95.216
14,BWD,122.36172,0.01000,15,95.311
14,BWD,122.25992,-0.00000,15,95.406
14,BWD,122.16885,0.01000,15,95.516
14,BWD,122.07185,0.00000,15,95.611
14,BWD,122.00070,0.01000,15,95.703
14,BWD,121.93772,0.01000,15,95.813
14,BWD,121.87416,0.00000,15,95.906
14,BWD,121.83094,0.01000,15,96.015
14,BWD,121.79041,0.00000,15,96.108
15,FWD,121.77686,0.01000,15,96.138
15,FWD,121.75858,0.00000,15,96.217
15,FWD,121.74658,-0.00000,15,96.310
15,FWD,121.74026,0.02000,15,96.402
15,FWD,121.74257,0.00000,15,96.513
15,FWD,121.75630,0.01000,15,96.605
15,FWD,121.77715,0.02000,15,96.715
15,FWD,121.81351,0.01000,15,96.808
15,FWD,121.85330,0.00000,15,96.902
15,FWD,121.90333,-0.01000,15,97.013
15,FWD,121.97108,0.00000,15,97.105
15,FWD,122.03844,-0.00000,15,97.214
15,FWD,122.12926,0.01000,15,97.307
15,FWD,122.21526,-0.01000,15,97.416
15,FWD,122.32697,0.00000,15,97.509
15,FWD,122.43211,0.01000,15,97.603
15,FWD,122.54657,0.00000,15,97.712
15,FWD,122.69203,0.01000,15,97.806
15,FWD,122.82559,0.01000,15,97.915
15,FWD,122.98928,0.02000,15,98.007
15,FWD,123.12874,0.00000,15,98.116
15,FWD,123.29153,0.00000,15,98.209
15,FWD,123.43006,0.00000,15,98.302
15,FWD,123.57109,0.00000,15,98.412
15,FWD,123.71718,-0.00000,15,98.506
15,FWD,123.86130,0.01000,15,98.616
15,FWD,124.04004,0.00000,15,98.708
15,FWD,124.17164,-0.01000,15,98.816
15,FWD,124.34142,0.01000,15,98.910
15,FWD,124.48049,0.11000,15,99.002
15,FWD,124.62183,0.33000,15,99.113
15,FWD,124.77129,1.80000,16,99.207
15,BWD,124.83559,4.28000,16,99.562
15,BWD,124.83161,4.21000,16,99.639
15,BWD,124.82164,4.02000,16,99.718
15,BWD,124.80717,3.62000,16,99.812
15,BWD,124.77975,3.14000,16,99.905
15,BWD,124.74319,1.77000,16,100.016
15,BWD,124.68870,1.20000,16,100.109
15,BWD,124.63266,0.68000,16,100.203
15,BWD,124.56929,0.11000,16,100.280
15,BWD,124.51077,0.09000,16,100.357
15,BWD,124.44593,0.08000,16,100.434
15,BWD,124.37316,0.00000,16,100.512
15,BWD,124.29662,0.02000,16,100.605
15,BWD,124.19350,-0.01000,16,100.715
15,BWD,124.06373,0.02000,16,100.808
15,BWD,123.94449,0.01000,16,100.902
15,BWD,123.81290,0.00000,16,101.013
15,BWD,123.65224,-0.00000,16,101.106
15,BWD,123.50311,0.00000,16,101.214
15,BWD,123.34843,0.00000,16,101.308
15,BWD,123.20033,0.01000,16,101.416
15,BWD,123.04659,0.01000,16,101.508
15,BWD,122.90688,0.01000,16,101.603
15,BWD,122.76678,0.03000,16,101.713
15,BWD,122.61575,0.00000,16,101.808
15,BWD,122.49494,0.01000,16,101.916
15,BWD,122.36446,0.01000,16,102.010
15,BWD,122.26778,0.01000,16,102.102
15,BWD,122.17542,0.00000,16,102.211
15,BWD,122.08008,0.01000,16,102.306
15,BWD,122.00617,-0.01000,16,102.417
15,BWD,121.92760,0.00000,16,102.509
15,BWD,121.87982,0.00000,16,102.618
15,BWD,121.82868,0.03000,16,102.709
15,BWD,121.79379,0.01000,16,102.817
16,FWD,121.77543,0.01000,16,102.848
16,FWD,121.75854,0.00000,16,102.925
16,FWD,121.74578,-0.00000,16,103.019
16,FWD,121.74003,0.00000,16,103.113
16,FWD,121.74289,0.00000,16,103.205
16,FWD,121.75433,0.01000,16,103.314
16,FWD,121.77847,0.00000,16,103.408
16,FWD,121.80944,0.02000,16,103.504
16,FWD,121.84870,0.01000,16,103.611
16,FWD,121.90457,0.02000,16,103.706
16,FWD,121.96409,0.00000,16,103.815
16,FWD,122.04148,0.01000,16,103.907
16,FWD,122.11887,0.03000,16,104.001
16,FWD,122.20574,0.01000,16,104.111
16,FWD,122.31821,-0.01000,16,104.206
16,FWD,122.42382,0.01000,16,104.314
16,FWD,122.55587,0.01000,16,104.408
16,FWD,122.67865,0.01000,16,104.516
16,FWD,122.83363,0.00000,16,104.610
16,FWD,122.97482,0.00000,16,104.704
16,FWD,123.11362,0.01000,16,104.810
16,FWD,123.27612,0.01000,16,104.905
16,FWD,123.41528,0.02000,16,104.982
16,FWD,123.53018,0.00000,16,105.058
16,FWD,123.64597,0.00000,16,105.135
16,FWD,123.76458,-0.00000,16,105.215
16,FWD,123.88039,-0.00000,16,105.306
16,FWD,124.01839,0.02000,16,105.416
16,FWD,124.18175,0.01000,16,105.508
16,FWD,124.32313,0.00000,16,105.602
16,FWD,124.46445,0.11000,16,105.711
16,FWD,124.62601,0.46000,16,105.805
16,FWD,124.76479,2.25000,17,105.914
16,BWD,124.83792,4.42000,17,106.254
16,BWD,124.83459,4.16000,17,106.333
16,BWD,124.82520,3.93000,17,106.425
16,BWD,124.80635,3.16000,17,106.518
16,BWD,124.77859,2.98000,17,106.611
16,BWD,124.74233,2.39000,17,106.704
16,BWD,124.69715,1.05000,17,106.813
16,BWD,124.63341,0.56000,17,106.906
16,BWD,124.56826,0.18000,17,107.015
16,BWD,124.48193,0.06000,17,107.108
16,BWD,124.39963,0.03000,17,107.203
16,BWD,124.30668,-0.00000,17,107.313
16,BWD,124.18779,-0.01000,17,107.406
16,BWD,124.07537,0.00000,17,107.516
16,BWD,123.93543,0.00000,17,107.610
16,BWD,123.80498,-0.00000,17,107.702
16,BWD,123.66811,-0.00000,17,107.810
16,BWD,123.50601,-0.00000,17,107.904
16,BWD,123.37672,0.01000,17,108.015
16,BWD,123.19975,-0.01000,17,108.108
16,BWD,123.05971,0.00000,17,108.201
16,BWD,122.92090,0.03000,17,108.310
16,BWD,122.76040,0.01000,17,108.402
16,BWD,122.64547,0.01000,17,108.510
16,BWD,122.50188,-0.00000,17,108.604
16,BWD,122.38770,0.00000,17,108.714
16,BWD,122.26487,0.02000,17,108.805
16,BWD,122.17490,0.01000,17,108.915
16,BWD,122.08828,0.01000,17,109.007
16,BWD,122.01255,0.00000,17,109.103
16,BWD,121.94647,-0.00000,17,109.211
16,BWD,121.88094,0.01000,17,109.305
16,BWD,121.83463,0.00000,17,109.414
16,BWD,121.79246,0.00000,17,109.508
17,FWD,121.77388,0.00000,17,109.570
17,FWD,121.75410,0.00000,17,109.649
17,FWD,121.74410,0.02000,17,109.727
17,FWD,121.74009,0.00000,17,109.804
17,FWD,121.74226,0.01000,17,109.912
17,FWD,121.75499,0.00000,17,110.007
17,FWD,121.77585,-0.00000,17,110.114
17,FWD,121.81062,0.01000,17,110.209
17,FWD,121.85075,0.00000,17,110.302
17,FWD,121.89948,-0.01000,17,110.412
17,FWD,121.96715,0.02000,17,110.505
17,FWD,122.03473,0.01000,17,110.613
17,FWD,122.12379,0.01000,17,110.707
17,FWD,122.20870,0.02000,17,110.815
17,FWD,122.31906,0.00000,17,110.908
17,FWD,122.42533,0.02000,17,111.002
17,FWD,122.54887,-0.00000,17,111.111
17,FWD,122.68227,0.02000,17,111.204
17,FWD,122.82597,-0.00000,17,111.311
17,FWD,122.97734,0.02000,17,111.405
17,FWD,123.11561,0.02000,17,111.515
17,FWD,123.27998,0.00000,17,111.609
17,FWD,123.43165,-0.01000,17,111.701
17,FWD,123.55946,0.01000,17,111.810
17,FWD,123.72261,-0.01000,17,111.903
17,FWD,123.86303,0.00000,17,112.011
17,FWD,124.02563,0.00000,17,112.104
17,FWD,124.16477,0.01000,17,112.214
17,FWD,124.34058,0.01000,17,112.308
17,FWD,124.47153,0.03000,17,112.403
17,FWD,124.61224,0.86000,17,112.512
17,FWD,124.77560,2.82000,18,112.606
17,BWD,124.82456,4.11000,18,112.965
17,BWD,124.82024,3.96000,18,113.057
17,BWD,124.80689,3.43000,18,113.153
17,BWD,124.78504,3.11000,18,113.229
17,BWD,124.75932,2.62000,18,113.306
17,BWD,124.72980,2.04000,18,113.413
17,BWD,124.67669,0.80000,18,113.509
17,BWD,124.62058,0.31000,18,113.603
17,BWD,124.55734,0.16000,18,113.712
17,BWD,124.47126,0.09000,18,113.805
17,BWD,124.38776,0.01000,18,113.915
17,BWD,124.27798,0.00000,18,114.010
17,BWD,124.17740,0.00000,18,114.102
17,BWD,124.06678,0.02000,18,114.211
17,BWD,123.92691,0.02000,18,114.304
17,BWD,123.79836,0.01000,18,114.381
17,BWD,123.68293,-0.00000,18,114.460
17,BWD,123.57938,0.01000,18,114.537
17,BWD,123.44887,0.00000,18,114.616
17,BWD,123.33047,-0.00000,18,114.711
17,BWD,123.18943,0.01000,18,114.804
17,BWD,123.04868,0.01000,18,114.914
17,BWD,122.88460,0.01000,18,115.009
17,BWD,122.74893,-0.00000,18,115.115
17,BWD,122.60201,-0.01000,18,115.207
17,BWD,122.48351,0.00000,18,115.301
17,BWD,122.37316,0.01000,18,115.410
17,BWD,122.25714,0.00000,18,115.503
17,BWD,122.16784,0.02000,18,115.580
17,BWD,122.10785,0.01000,18,115.660
17,BWD,122.03484,0.00000,18,115.736
17,BWD,121.97889,0.01000,18,115.814
17,BWD,121.92836,0.01000,18,115.908
17,BWD,121.87562,-0.00000,18,116.015
17,BWD,121.82498,0.01000,18,116.109
17,BWD,121.79050,0.01000,18,116.202
18,FWD,121.77810,0.00000,18,116.233
18,FWD,121.75883,0.02000,18,116.312
18,FWD,121.74686,0.02000,18,116.404
18,FWD,121.74030,0.01000,18,116.513
18,FWD,121.74375,0.01000,18,116.608
18,FWD,121.75610,0.00000,18,116.716
18,FWD,121.78209,0.02000,18,116.811
18,FWD,121.81371,0.01000,18,116.904
18,FWD,121.85334,0.01000,18,117.013
18,FWD,121.91114,0.00000,18,117.107
18,FWD,121.97059,0.02000,18,117.216
18,FWD,122.05116,-0.00000,18,117.310
18,FWD,122.12914,-0.00000,18,117.403
18,FWD,122.20615,0.00000,18,117.512
18,FWD,122.32875,-0.00000,18,117.605
18,FWD,122.43371,0.01000,18,117.714
18,FWD,122.56824,0.01000,18,117.808
18,FWD,122.69338,0.02000,18,117.902
18,FWD,122.82738,0.01000,18,118.011
18,FWD,122.99078,0.01000,18,118.105
18,FWD,123.11791,0.01000,18,118.213
18,FWD,123.29517,0.01000,18,118.306
18,FWD,123.43530,0.01000,18,118.401
18,FWD,123.57289,0.00000,18,118.511
18,FWD,123.73914,0.00000,18,118.604
18,FWD,123.87709,0.00000,18,118.712
18,FWD,124.02881,0.01000,18,118.806
18,FWD,124.17204,0.02000,18,118.901
18,FWD,124.31654,0.01000,18,119.009
18,FWD,124.48469,0.06000,18,119.102
18,FWD,124.62534,0.36000,18,119.211
18,FWD,124.77198,3.75000,19,119.302
18,BWD,124.83481,4.34000,19,119.649
18,BWD,124.83150,4.10000,19,119.727
18,BWD,124.82199,3.90000,19,119.807
18,BWD,124.80646,3.78000,19,119.901
18,BWD,124.77981,2.58000,19,120.008
18,BWD,124.73818,1.97000,19,120.101
18,BWD,124.69293,1.39000,19,120.210
18,BWD,124.63145,0.24000,19,120.303
18,BWD,124.56336,0.15000,19,120.415
18,BWD,124.47683,0.07000,19,120.509
18,BWD,124.39346,0.05000,19,120.602
18,BWD,124.30096,0.02000,19,120.680
18,BWD,124.21513,0.00000,19,120.760
18,BWD,124.12396,0.00000,19,120.839
18,BWD,124.02821,0.00000,19,120.916
18,BWD,123.92686,0.00000,19,121.010
18,BWD,123.79584,0.01000,19,121.104
18,BWD,123.64619,-0.00000,19,121.211
18,BWD,123.49473,0.02000,19,121.306
18,BWD,123.35473,0.01000,19,121.422
18,BWD,123.18714,0.01000,19,121.511
18,BWD,123.04432,0.01000,19,121.605
18,BWD,122.90356,0.01000,19,121.715
18,BWD,122.74104,0.00000,19,121.809
18,BWD,122.61552,0.01000,19,121.902
18,BWD,122.49633,0.02000,19,122.011
18,BWD,122.36893,0.02000,19,122.104
18,BWD,122.26828,0.00000,19,122.213
18,BWD,122.16203,0.01000,19,122.305
18,BWD,122.08060,0.00000,19,122.416
18,BWD,121.99539,0.00000,19,122.509
18,BWD,121.93404,0.01000,19,122.602
18,BWD,121.88022,0.01000,19,122.712
18,BWD,121.82861,0.01000,19,122.804
18,BWD,121.79360,0.01000,19,122.914
19,FWD,121.77517,0.00000,19,122.945
19,FWD,121.75851,0.01000,19,123.022
19,FWD,121.74594,-0.02000,19,123.116
19,FWD,121.74012,0.01000,19,123.210
19,FWD,121.74297,0.02000,19,123.303
19,FWD,121.75465,0.01000,19,123.380
19,FWD,121.77106,0.01000,19,123.458
19,FWD,121.79111,-0.02000,19,123.534
19,FWD,121.82095,0.00000,19,123.611
19,FWD,121.85477,0.01000,19,123.703
19,FWD,121.90318,0.01000,19,123.781
19,FWD,121.95039,-0.00000,19,123.858
19,FWD,121.99844,0.01000,19,123.935
19,FWD,122.06274,0.02000,19,124.013
19,FWD,122.12723,0.00000,19,124.106
19,FWD,122.21400,0.02000,19,124.214
19,FWD,122.32565,0.01000,19,124.308
19,FWD,122.42963,0.01000,19,124.414
19,FWD,122.56298,0.01000,19,124.508
19,FWD,122.68806,0.01000,19,124.601
19,FWD,122.81887,0.02000,19,124.710
19,FWD,122.98559,0.00000,19,124.806
19,FWD,123.12413,-0.01000,19,124.913
19,FWD,123.28687,0.01000,19,125.007
19,FWD,123.42910,0.01000,19,125.101
19,FWD,123.56765,-0.01000,19,125.210
19,FWD,123.73327,0.00000,19,125.305
19,FWD,123.87353,-0.00000,19,125.414
19,FWD,124.04507,0.00000,19,125.508
19,FWD,124.17916,0.00000,19,125.601
19,FWD,124.32081,0.00000,19,125.713
19,FWD,124.48041,0.08000,19,125.805
19,FWD,124.60956,0.42000,19,125.869
19,FWD,124.70603,2.13000,20,125.941
19,BWD,124.73634,2.63000,20,126.273
19,BWD,124.73351,2.55000,20,126.340
19,BWD,124.72626,2.50000,20,126.423
19,BWD,124.71093,2.10000,20,126.508
19,BWD,124.68694,1.41000,20,126.574
19,BWD,124.66535,1.53000,20,126.640
19,BWD,124.63865,0.82000,20,126.707
19,BWD,124.60652,0.38000,20,126.808
19,BWD,124.55036,0.18000,20,126.907
19,BWD,124.47934,0.13000,20,127.006
19,BWD,124.40274,0.03000,20,127.108
19,BWD,124.32112,0.02000,20,127.206
19,BWD,124.22170,0.04000,20,127.274
19,BWD,124.15614,0.01000,20,127.341
19,BWD,124.08344,-0.00000,20,127.414
19,BWD,123.98531,0.01000,20,127.507
19,BWD,123.87943,-0.00000,20,127.604
19,BWD,123.74839,0.00000,20,127.673
19,BWD,123.64902,-0.00000,20,127.738
19,BWD,123.54800,0.01000,20,127.807
19,BWD,123.44764,0.00000,20,127.874
19,BWD,123.34674,-0.00000,20,127.957
19,BWD,123.22273,-0.01000,20,128.023
19,BWD,123.12305,0.02000,20,128.109
19,BWD,122.97475,0.02000,20,128.208
19,BWD,122.84330,0.01000,20,128.312
19,BWD,122.68045,0.01000,20,128.408
19,BWD,122.56372,-0.00000,20,128.475
19,BWD,122.47940,-0.01000,20,128.561
19,BWD,122.38323,-0.01000,20,128.630
19,BWD,122.27956,0.01000,20,128.728
19,BWD,122.19729,0.02000,20,128.806
19,BWD,122.13438,0.00000,20,128.874
19,BWD,122.07778,0.00000,20,128.944
19,BWD,122.01562,-0.01000,20,129.020
19,BWD,121.96604,-0.00000,20,129.104
19,BWD,121.91424,0.02000,20,129.202
19,BWD,121.86004,0.01000,20,129.273
19,BWD,121.82908,0.00000,20,129.340
19,BWD,121.79882,0.00000,20,129.419
19,BWD,121.77498,0.01000,20,129.514
19,BWD,121.75523,0.02000,20,129.607
19,BWD,121.74307,0.01000,20,129.702
19,BWD,121.74010,0.01000,20,129.812
19,BWD,121.74738,0.01000,20,129.904
19,BWD,121.76332,0.02000,20,130.008
19,BWD,121.78070,-0.00000,20,130.076
19,BWD,121.78752,-0.01000,20,130.144
20,FWD,121.78881,0.00000,20,130.168
20,FWD,121.79527,-0.01000,20,130.244
20,FWD,121.80664,-0.01000,20,130.311
20,FWD,121.82258,0.00000,20,130.405
20,FWD,121.85135,-0.00000,20,130.474
20,FWD,121.87817,0.01000,20,130.538
20,FWD,121.90672,0.01000,20,130.606
20,FWD,121.94865,0.00000,20,130.705
20,FWD,122.01162,0.00000,20,130.801
20,FWD,122.07977,-0.00000,20,130.908
20,FWD,122.16647,0.00000,20,131.001
20,FWD,122.25217,0.02000,20,131.111
20,FWD,122.36422,-0.00000,20,131.206
20,FWD,122.47619,-0.01000,20,131.315
20,FWD,122.60418,0.01000,20,131.411
20,FWD,122.73386,-0.01000,20,131.505
20,FWD,122.87782,0.01000,20,131.615
20,FWD,123.02888,0.02000,20,131.709
20,FWD,123.16933,0.01000,20,131.803
20,FWD,123.29425,0.01000,20,131.863
20,FWD,123.38330,-0.00000,20,131.924
20,FWD,123.47565,0.02000,20,132.002
20,FWD,123.59285,0.01000,20,132.068
20,FWD,123.68979,0.00000,20,132.134
20,FWD,123.79074,0.00000,20,132.207
20,FWD,123.89889,0.01000,20,132.306
20,FWD,124.04847,0.01000,20,132.402
20,FWD,124.19573,0.01000,20,132.474
20,FWD,124.29829,0.01000,20,132.539
20,FWD,124.39774,0.00000,20,132.602
20,FWD,124.49762,0.08000,20,132.704
20,FWD,124.66191,1.81000,20,132.814
20,FWD,124.82748,4.11000,21,132.909
20,BWD,124.87684,4.98000,21,133.244
20,BWD,124.87307,4.89000,21,133.323
20,BWD,124.86421,4.90000,21,133.405
20,BWD,124.84846,3.90000,21,133.506
20,BWD,124.81989,3.33000,21,133.572
20,BWD,124.79549,2.71000,21,133.638
20,BWD,124.76116,2.12000,21,133.717
20,BWD,124.72061,1.82000,21,133.810
20,BWD,124.66992,0.57000,21,133.906
20,BWD,124.60377,0.20000,21,133.974
20,BWD,124.55293,0.11000,21,134.041
20,BWD,124.49692,0.10000,21,134.107
20,BWD,124.42605,0.03000,21,134.201
20,BWD,124.33224,0.01000,21,134.310
20,BWD,124.21191,0.01000,21,134.405
20,BWD,124.09856,0.01000,21,134.515
20,BWD,123.95499,0.01000,21,134.609
20,BWD,123.82419,0.02000,21,134.702
20,BWD,123.68394,0.01000,21,134.812
20,BWD,123.51894,-0.02000,21,134.907
20,BWD,123.37820,0.01000,21,135.000
20,BWD,123.23646,-0.00000,21,135.111
20,BWD,123.07301,0.01000,21,135.204
20,BWD,122.93098,0.01000,21,135.314
20,BWD,122.76835,0.01000,21,135.410
20,BWD,122.63815,0.01000,21,135.504
20,BWD,122.51524,0.01000,21,135.613
20,BWD,122.38619,0.00000,21,135.706
20,BWD,122.28326,0.00000,21,135.800
20,BWD,122.18928,-0.00000,21,135.910
20,BWD,122.09103,-0.00000,21,136.005
20,BWD,122.01646,0.00000,21,136.115
20,BWD,121.94070,0.01000,21,136.208
20,BWD,121.88610,-0.00000,21,136.302
20,BWD,121.83970,0.02000,21,136.412
20,BWD,121.79668,0.01000,21,136.508
20,BWD,121.76844,0.00000,21,136.604
20,BWD,121.75036,0.03000,21,136.714
20,BWD,121.74065,0.02000,21,136.808
20,BWD,121.74177,-0.01000,21,136.907
20,BWD,121.75186,0.02000,21,137.001
20,BWD,121.76823,0.01000,21,137.104
20,BWD,121.78442,0.01000,21,137.173
20,BWD,121.78925,0.02000,21,137.240
21,FWD,121.78989,0.01000,21,137.271
21,FWD,121.79500,0.00000,21,137.354
21,FWD,121.80705,0.02000,21,137.434
21,FWD,121.82467,0.01000,21,137.513
21,FWD,121.84850,-0.00000,21,137.606
21,FWD,121.88514,0.00000,21,137.700
21,FWD,121.92740,-0.00000,21,137.804
21,FWD,121.98535,0.01000,21,137.872
21,FWD,122.02824,0.01000,21,137.937
21,FWD,122.08474,0.01000,21,138.016
21,FWD,122.14282,-0.00000,21,138.106
21,FWD,122.21748,0.01000,21,138.201
21,FWD,122.31059,0.00000,21,138.273
21,FWD,122.40874,0.01000,21,138.353
21,FWD,122.49096,0.02000,21,138.447
21,FWD,122.60722,0.02000,21,138.542
21,FWD,122.73158,0.02000,21,138.637
21,FWD,122.86576,0.01000,21,138.723
21,FWD,122.97795,0.01000,21,138.807
21,FWD,123.10738,0.02000,21,138.902
21,FWD,123.25153,0.02000,21,139.012
21,FWD,123.41961,-0.01000,21,139.106
21,FWD,123.55147,0.01000,21,139.173
21,FWD,123.66971,0.01000,21,139.251
21,FWD,123.78770,0.01000,21,139.331
21,FWD,123.89060,0.01000,21,139.409
21,FWD,124.01871,0.01000,21,139.508
21,FWD,124.16248,-0.00000,21,139.605
21,FWD,124.31993,0.01000,21,139.700
21,FWD,124.46128,0.03000,21,139.810
21,FWD,124.61886,1.04000,21,139.906
21,FWD,124.76967,3.12000,22,140.000
21,BWD,124.81727,3.87000,22,140.334
21,BWD,124.81408,3.80000,22,140.413
21,BWD,124.80471,3.78000,22,140.508
21,BWD,124.78512,2.82000,22,140.602
21,BWD,124.76096,2.38000,22,140.674
21,BWD,124.72877,2.01000,22,140.753
21,BWD,124.69257,1.50000,22,140.833
21,BWD,124.65051,0.54000,22,140.910
21,BWD,124.60226,0.18000,22,141.006
21,BWD,124.53246,0.12000,22,141.101
21,BWD,124.45117,0.08000,22,141.210
21,BWD,124.36163,0.01000,22,141.307
21,BWD,124.25781,0.01000,22,141.406
21,BWD,124.14588,0.00000,22,141.500
21,BWD,124.04084,0.01000,22,141.610
21,BWD,123.89125,0.01000,22,141.705
21,BWD,123.77983,0.01000,22,141.808
21,BWD,123.60802,0.01000,22,141.904
21,BWD,123.46736,0.02000,22,142.014
21,BWD,123.29509,0.00000,22,142.105
21,BWD,123.18425,0.00000,22,142.203
21,BWD,123.01743,-0.00000,22,142.306
21,BWD,122.86478,0.02000,22,142.415
21,BWD,122.69602,0.00000,22,142.510
21,BWD,122.59411,0.02000,22,142.606
21,BWD,122.45692,0.00000,22,142.702
21,BWD,122.34943,0.00000,22,142.809
21,BWD,122.23611,-0.00000,22,142.907
21,BWD,122.15482,0.01000,22,143.005
21,BWD,122.06896,0.01000,22,143.074
21,BWD,122.01703,0.01000,22,143.140
21,BWD,121.96175,0.02000,22,143.218
21,BWD,121.91235,0.01000,22,143.313
21,BWD,121.86314,0.00000,22,143.404
21,BWD,121.82090,0.02000,22,143.513
21,BWD,121.78203,0.00000,22,143.608
21,BWD,121.75899,0.01000,22,143.707
21,BWD,121.74474,0.01000,22,143.803
21,BWD,121.74001,0.01000,22,143.905
21,BWD,121.74451,0.02000,22,144.015
21,BWD,121.76095,0.00000,22,144.109
21,BWD,121.77776,0.00000,22,144.207
21,BWD,121.78873,0.01000,22,144.301
22,FWD,121.78998,-0.00000,22,144.333
22,FWD,121.79373,0.01000,22,144.424
22,FWD,121.80562,-0.01000,22,144.500
22,FWD,121.82269,0.00000,22,144.579
22,FWD,121.84579,-0.00000,22,144.658
22,FWD,121.87138,0.01000,22,144.736
22,FWD,121.91061,-0.00000,22,144.815
22,FWD,121.95240,-0.00000,22,144.910
22,FWD,122.01072,-0.00000,22,145.004
22,FWD,122.07777,0.01000,22,145.107
22,FWD,122.15350,-0.01000,22,145.207
22,FWD,122.25314,0.00000,22,145.303
22,FWD,122.34904,0.02000,22,145.412
22,FWD,122.46975,0.01000,22,145.505
22,FWD,122.58405,-0.01000,22,145.615
22,FWD,122.72844,0.02000,22,145.709
22,FWD,122.86175,-0.01000,22,145.803
22,FWD,123.00338,-0.00000,22,145.913
22,FWD,123.16777,-0.01000,22,146.006
22,FWD,123.30692,0.01000,22,146.101
22,FWD,123.44832,0.02000,22,146.179
22,FWD,123.54835,0.03000,22,146.259
22,FWD,123.68359,0.01000,22,146.336
22,FWD,123.80217,0.01000,22,146.415
22,FWD,123.92068,0.03000,22,146.510
22,FWD,124.06012,-0.01000,22,146.603
22,FWD,124.20151,-0.00000,22,146.712
22,FWD,124.36615,0.00000,22,146.807
22,FWD,124.50744,0.08000,22,146.901
22,FWD,124.64873,0.25000,22,147.011
22,FWD,124.81308,4.27000,23,147.106
22,BWD,124.86253,4.72000,23,147.452
22,BWD,124.85926,4.62000,23,147.530
22,BWD,124.84983,4.04000,23,147.624
22,BWD,124.83031,3.92000,23,147.717
22,BWD,124.80189,2.97000,23,147.811
22,BWD,124.76480,2.32000,23,147.905
22,BWD,124.72470,1.68000,23,148.000
22,BWD,124.66972,0.40000,23,148.107
22,BWD,124.58996,0.13000,23,148.202
22,BWD,124.51893,0.10000,23,148.311
22,BWD,124.41853,0.06000,23,148.406
22,BWD,124.32549,-0.01000,23,148.500
22,BWD,124.22248,-0.02000,23,148.611
22,BWD,124.10645,0.00000,23,148.704
22,BWD,123.98584,0.00000,23,148.813
22,BWD,123.83084,-0.01000,23,148.908
22,BWD,123.68870,0.02000,23,149.001
22,BWD,123.54576,-0.00000,23,149.111
22,BWD,123.37444,0.00000,23,149.207
22,BWD,123.23445,0.00000,23,149.304
22,BWD,123.10007,0.01000,23,149.374
22,BWD,122.99889,0.01000,23,149.441
22,BWD,122.89946,0.01000,23,149.522
22,BWD,122.77937,0.02000,23,149.600
22,BWD,122.66138,0.00000,23,149.674
22,BWD,122.55365,0.03000,23,149.764
22,BWD,122.45023,0.01000,23,149.839
22,BWD,122.35959,0.02000,23,149.917
22,BWD,122.28379,-0.00000,23,150.011
22,BWD,122.18835,0.02000,23,150.105
22,BWD,122.10738,-0.00000,23,150.172
22,BWD,122.05228,0.01000,23,150.239
22,BWD,121.99396,0.01000,23,150.317
22,BWD,121.94688,0.02000,23,150.411
22,BWD,121.88570,0.00000,23,150.506
22,BWD,121.83928,0.01000,23,150.600
22,BWD,121.80008,0.00000,23,150.710
22,BWD,121.76879,0.00000,23,150.806
22,BWD,121.75045,0.00000,23,150.900
22,BWD,121.74094,0.00000,23,151.010
22,BWD,121.74145,-0.01000,23,151.104
22,BWD,121.75097,-0.00000,23,151.213
22,BWD,121.77207,-0.01000,23,151.308
22,BWD,121.78584,-0.00000,23,151.402
23,FWD,121.78858,0.00000,23,151.433
23,FWD,121.79588,-0.01000,23,151.512
23,FWD,121.81075,0.00000,23,151.606
23,FWD,121.83783,0.00000,23,151.700
23,FWD,121.86877,0.01000,23,151.811
23,FWD,121.92248,0.01000,23,151.903
23,FWD,121.97147,0.02000,23,152.013
23,FWD,122.04465,0.00000,23,152.108
23,FWD,122.11673,0.00000,23,152.203
23,FWD,122.19809,-0.00000,23,152.313
23,FWD,122.30155,0.00000,23,152.405
23,FWD,122.40202,0.00000,23,152.501
23,FWD,122.51127,0.02000,23,152.610
23,FWD,122.64994,-0.01000,23,152.704
23,FWD,122.77879,0.00000,23,152.814
23,FWD,122.93862,0.01000,23,152.908
23,FWD,123.06043,0.00000,23,153.005
23,FWD,123.20967,0.01000,23,153.107
23,FWD,123.36004,0.02000,23,153.175
23,FWD,123.48332,-0.01000,23,153.257
23,FWD,123.58496,0.01000,23,153.323
23,FWD,123.68428,0.02000,23,153.406
23,FWD,123.82594,0.01000,23,153.500
23,FWD,123.96801,-0.02000,23,153.610
23,FWD,124.13268,0.00000,23,153.705
23,FWD,124.27369,0.00000,23,153.802
23,FWD,124.40833,0.07000,23,153.904
23,FWD,124.57336,0.17000,23,154.014
23,FWD,124.73719,0.81000,24,154.108
23,BWD,124.78546,3.42000,24,154.454
23,BWD,124.78244,3.24000,24,154.532
23,BWD,124.77271,3.01000,24,154.625
23,BWD,124.74798,2.01000,24,154.770
23,BWD,124.70751,1.39000,24,154.861
23,BWD,124.66568,0.99000,24,154.939
23,BWD,124.62409,0.59000,24,155.019
23,BWD,124.57657,0.28000,24,155.112
23,BWD,124.51168,0.09000,24,155.205
23,BWD,124.43732,0.06000,24,155.300
23,BWD,124.35418,0.01000,24,155.410
23,BWD,124.24793,0.00000,24,155.503
23,BWD,124.14506,0.02000,24,155.613
23,BWD,124.01507,0.00000,24,155.707
23,BWD,123.89167,0.00000,24,155.802
23,BWD,123.76123,0.01000,24,155.912
23,BWD,123.60110,0.01000,24,156.005
23,BWD,123.45972,0.02000,24,156.100
23,BWD,123.31843,0.00000,24,156.209
23,BWD,123.15343,0.01000,24,156.304
23,BWD,123.01266,0.00000,24,156.413
23,BWD,122.84728,0.01000,24,156.507
23,BWD,122.71344,0.00000,24,156.600
23,BWD,122.58671,0.00000,24,156.710
23,BWD,122.44916,0.01000,24,156.805
23,BWD,122.34208,0.01000,24,156.914
23,BWD,122.22765,0.00000,24,157.008
23,BWD,122.13869,0.00000,24,157.103
23,BWD,122.05929,0.01000,24,157.213
23,BWD,121.97745,0.00000,24,157.307
23,BWD,121.91695,0.03000,24,157.401
23,BWD,121.87075,-0.00000,24,157.511
23,BWD,121.81644,0.00000,24,157.604
23,BWD,121.78417,0.00000,24,157.699
23,BWD,121.76157,0.00000,24,157.809
23,BWD,121.74424,0.01000,24,157.905
23,BWD,121.74000,0.00000,24,158.014
23,BWD,121.74549,0.00000,24,158.106
23,BWD,121.75752,0.01000,24,158.200
23,BWD,121.77657,0.02000,24,158.311
23,BWD,121.78909,0.00000,24,158.405
24,FWD,121.79000,0.01000,24,158.436
24,FWD,121.79381,0.01000,24,158.515
24,FWD,121.80388,0.00000,24,158.608
24,FWD,121.82344,0.00000,24,158.702
24,FWD,121.85183,-0.01000,24,158.812
24,FWD,121.89731,0.01000,24,158.907
24,FWD,121.94541,0.02000,24,159.001
24,FWD,122.00269,0.00000,24,159.111
24,FWD,122.07252,-0.00000,24,159.204
24,FWD,122.14906,0.00000,24,159.314
24,FWD,122.25028,0.00000,24,159.409
24,FWD,122.34664,0.01000,24,159.503
24,FWD,122.45319,0.01000,24,159.614
24,FWD,122.58666,0.00000,24,159.707
24,FWD,122.71039,-0.00000,24,159.801
24,FWD,122.84302,0.01000,24,159.911
24,FWD,123.00655,0.01000,24,160.005
24,FWD,123.14847,0.01000,24,160.100
24,FWD,123.28993,0.00000,24,160.207
24,FWD,123.44780,0.01000,24,160.302
24,FWD,123.59183,0.01000,24,160.411
24,FWD,123.75677,0.01000,24,160.505
24,FWD,123.89774,0.01000,24,160.599
24,FWD,124.03871,0.00000,24,160.678
24,FWD,124.15674,0.00000,24,160.756
24,FWD,124.27477,0.01000,24,160.834
24,FWD,124.39229,0.03000,24,160.913
24,FWD,124.51025,0.15000,24,161.007
24,FWD,124.65326,0.55000,24,161.102
24,FWD,124.80500,2.42000,25,161.212
24,BWD,124.86508,4.90000,25,161.555
24,BWD,124.86144,4.60000,25,161.634
24,BWD,124.85275,4.35000,25,161.713
24,BWD,124.83485,3.98000,25,161.808
24,BWD,124.80857,3.44000,25,161.900
24,BWD,124.77286,1.97000,25,162.010
24,BWD,124.71442,1.33000,25,162.106
24,BWD,124.66412,0.77000,25,162.215
24,BWD,124.58772,0.27000,25,162.311
24,BWD,124.51273,0.08000,25,162.404
24,BWD,124.42961,0.05000,25,162.513
24,BWD,124.32043,0.01000,25,162.608
24,BWD,124.21837,0.01000,25,162.702
24,BWD,124.10676,0.01000,25,162.812
24,BWD,123.96658,0.00000,25,162.905
24,BWD,123.83616,0.00000,25,163.000
24,BWD,123.69727,0.01000,25,163.078
24,BWD,123.57819,-0.00000,25,163.157
24,BWD,123.47565,0.00000,25,163.235
24,BWD,123.34251,-0.01000,25,163.314
24,BWD,123.24195,0.00000,25,163.401
24,BWD,123.10467,-0.00000,25,163.473
24,BWD,122.98666,0.01000,25,163.551
24,BWD,122.87614,-0.01000,25,163.630
24,BWD,122.74613,-0.01000,25,163.710
24,BWD,122.64460,0.02000,25,163.803
24,BWD,122.52282,0.01000,25,163.908
24,BWD,122.39646,-0.00000,25,164.002
24,BWD,122.29289,-0.01000,25,164.112
24,BWD,122.18269,-0.00000,25,164.207
24,BWD,122.09854,0.01000,25,164.301
24,BWD,122.02306,0.03000,25,164.411
24,BWD,121.94771,0.02000,25,164.503
24,BWD,121.89130,0.01000,25,164.614
24,BWD,121.83665,0.00000,25,164.708
24,BWD,121.79996,-0.00000,25,164.804
24,BWD,121.77305,0.02000,25,164.907
24,BWD,121.75031,0.02000,25,165.008
24,BWD,121.74142,0.02000,25,165.109
24,BWD,121.74075,0.00000,25,165.211
24,BWD,121.75166,-0.00000,25,165.301
24,BWD,121.76714,0.01000,25,165.378
24,BWD,121.78020,0.01000,25,165.457
24,BWD,121.78862,-0.01000,25,165.542
25,FWD,121.78997,0.00000,25,165.608
25,FWD,121.79551,-0.00000,25,165.708
25,FWD,121.81083,0.00000,25,165.774
25,FWD,121.82693,0.01000,25,165.841
25,FWD,121.85220,0.01000,25,165.924
25,FWD,121.87832,0.00000,25,166.007
25,FWD,121.91692,0.01000,25,166.107
25,FWD,121.97214,0.01000,25,166.173
25,FWD,122.01441,0.01000,25,166.240
25,FWD,122.06326,-0.01000,25,166.323
25,FWD,122.13667,0.01000,25,166.402
25,FWD,122.20504,0.02000,25,166.508
25,FWD,122.31047,-0.00000,25,166.606
25,FWD,122.41085,0.01000,25,166.700
25,FWD,122.52084,0.00000,25,166.810
25,FWD,122.66010,0.01000,25,166.905
25,FWD,122.78884,-0.01000,25,167.007
25,FWD,122.92142,0.02000,25,167.073
25,FWD,123.03819,0.01000,25,167.152
25,FWD,123.15646,0.01000,25,167.231
25,FWD,123.27448,0.01000,25,167.310
25,FWD,123.39153,0.01000,25,167.404
25,FWD,123.51897,0.01000,25,167.473
25,FWD,123.63845,0.01000,25,167.556
25,FWD,123.74522,0.01000,25,167.623
25,FWD,123.86293,0.01000,25,167.718
25,FWD,124.00415,0.01000,25,167.812
25,FWD,124.14577,0.01000,25,167.907
25,FWD,124.27142,0.01000,25,168.001
25,FWD,124.41306,0.07000,25,168.106
25,FWD,124.56825,0.11000,25,168.174
25,FWD,124.69026,2.51000,25,168.253
25,FWD,124.80920,4.67000,26,168.333
25,BWD,124.83413,4.16000,26,168.674
25,BWD,124.82897,3.97000,26,168.769
25,BWD,124.81699,3.68000,26,168.847
25,BWD,124.79939,3.49000,26,168.926
25,BWD,124.77469,3.00000,26,168.999
25,BWD,124.74955,2.42000,26,169.108
25,BWD,124.70167,1.07000,26,169.207
25,BWD,124.64136,0.60000,26,169.304
25,BWD,124.58150,0.15000,26,169.373
25,BWD,124.53207,0.09000,26,169.436
25,BWD,124.47729,0.06000,26,169.523
25,BWD,124.40462,0.01000,26,169.605
25,BWD,124.31309,0.01000,26,169.711
25,BWD,124.21091,0.01000,26,169.806
25,BWD,124.08795,0.02000,26,169.900
25,BWD,123.96791,0.01000,26,170.010
25,BWD,123.82538,0.02000,26,170.106
25,BWD,123.67867,0.00000,26,170.208
25,BWD,123.51719,-0.00000,26,170.307
25,BWD,123.37624,-0.01000,26,170.400
25,BWD,123.23562,0.00000,26,170.478
25,BWD,123.11761,0.02000,26,170.557
25,BWD,123.01828,-0.00000,26,170.617
25,BWD,122.91788,0.02000,26,170.706
25,BWD,122.79328,0.03000,26,170.805
25,BWD,122.63800,0.00000,26,170.900
25,BWD,122.51830,-0.00000,26,171.013
25,BWD,122.38588,0.00000,26,171.105
25,BWD,122.27785,0.00000,26,171.208
25,BWD,122.17809,0.00000,26,171.300
25,BWD,122.10375,0.02000,26,171.375
25,BWD,122.03633,-0.01000,26,171.474
25,BWD,121.96610,0.01000,26,171.569
25,BWD,121.90705,0.01000,26,171.664
25,BWD,121.85701,0.01000,26,171.742
25,BWD,121.82713,-0.00000,26,171.824
25,BWD,121.79153,-0.01000,26,171.921
26,FWD,121.77517,0.00000,26,171.967
26,FWD,121.75592,0.01000,26,172.062
26,FWD,121.74354,0.01000,26,172.141
26,FWD,121.74014,0.02000,26,172.220
26,FWD,121.74274,0.00000,26,172.303
26,FWD,121.75101,0.00000,26,172.406
26,FWD,121.77361,0.00000,26,172.504
26,FWD,121.79974,0.02000,26,172.563
26,FWD,121.82530,-0.01000,26,172.657
26,FWD,121.87018,0.01000,26,172.751
26,FWD,121.91728,-0.01000,26,172.821
26,FWD,121.95972,0.00000,26,172.906
26,FWD,122.02712,0.01000,26,173.004
26,FWD,122.09779,-0.00000,26,173.105
26,FWD,122.19841,0.01000,26,173.208
26,FWD,122.30329,0.01000,26,173.302
26,FWD,122.41726,0.00000,26,173.404
26,FWD,122.51585,0.00000,26,173.507
26,FWD,122.66773,0.00000,26,173.603
26,FWD,122.80000,-0.01000,26,173.713
26,FWD,122.96214,-0.00000,26,173.808
26,FWD,123.10128,0.01000,26,173.907
26,FWD,123.23717,0.01000,26,173.974
26,FWD,123.33775,-0.01000,26,174.041
26,FWD,123.45634,0.01000,26,174.121
26,FWD,123.56258,-0.01000,26,174.208
26,FWD,123.69995,0.01000,26,174.307
26,FWD,123.86080,-0.00000,26,174.405
26,FWD,124.00528,0.00000,26,174.508
26,FWD,124.15607,0.02000,26,174.603
26,FWD,124.28603,0.02000,26,174.712
26,FWD,124.46020,0.00000,26,174.805
26,FWD,124.60122,0.46000,26,174.899
26,FWD,124.73306,2.36000,27,174.964
26,BWD,124.74883,2.75000,27,175.307
26,BWD,124.74498,2.67000,27,175.404
26,BWD,124.73336,2.58000,27,175.504
26,BWD,124.71084,1.88000,27,175.574
26,BWD,124.68775,1.49000,27,175.653
26,BWD,124.65328,1.17000,27,175.732
26,BWD,124.61705,0.34000,27,175.811
26,BWD,124.57343,0.18000,27,175.905
26,BWD,124.52071,0.14000,27,175.971
26,BWD,124.47251,0.09000,27,176.038
26,BWD,124.42110,0.07000,27,176.107
26,BWD,124.35429,0.04000,27,176.201
26,BWD,124.27151,-0.00000,27,176.307
26,BWD,124.16461,0.00000,27,176.369
26,BWD,124.09431,0.00000,27,176.441
26,BWD,124.00237,0.01000,27,176.519
26,BWD,123.90207,0.01000,27,176.599
26,BWD,123.80289,0.00000,27,176.703
26,BWD,123.64613,0.01000,27,176.813
26,BWD,123.48129,0.00000,27,176.912
26,BWD,123.33704,0.01000,27,177.004
26,BWD,123.19531,0.02000,27,177.114
26,BWD,123.03505,0.00000,27,177.205
26,BWD,122.89368,0.00000,27,177.299
26,BWD,122.75484,0.01000,27,177.407
26,BWD,122.62395,0.01000,27,177.498
26,BWD,122.50582,0.02000,27,177.576
26,BWD,122.39797,-0.03000,27,177.657
26,BWD,122.32189,0.01000,27,177.726
26,BWD,122.23717,0.02000,27,177.807
26,BWD,122.14463,0.01000,27,177.932
26,BWD,122.05502,0.01000,27,178.008
26,BWD,122.00459,0.00000,27,178.099
26,BWD,121.94194,0.00000,27,178.162
26,BWD,121.89709,0.01000,27,178.242
26,BWD,121.86212,0.04000,27,178.310
26,BWD,121.83083,-0.01000,27,178.376
26,BWD,121.80489,0.01000,27,178.460
26,BWD,121.77834,0.00000,27,178.527
26,BWD,121.76192,0.01000,27,178.610
26,BWD,121.74808,-0.00000,27,178.677
26,BWD,121.74177,0.00000,27,178.743
26,BWD,121.74000,0.00000,27,178.825
26,BWD,121.74390,0.01000,27,178.909
26,BWD,121.75424,0.04000,27,179.009
26,BWD,121.77397,-0.00000,27,179.109
26,BWD,121.78689,0.01000,27,179.175
27,FWD,121.78833,0.00000,27,179.211
27,FWD,121.79619,0.01000,27,179.303
27,FWD,121.81443,0.00000,27,179.408
27,FWD,121.84332,0.01000,27,179.476
27,FWD,121.86830,0.03000,27,179.543
27,FWD,121.89760,0.00000,27,179.625
27,FWD,121.93936,0.02000,27,179.710
27,FWD,121.98955,0.00000,27,179.799
27,FWD,122.05766,0.01000,27,179.877
27,FWD,122.11008,0.01000,27,179.943
27,FWD,122.16594,0.02000,27,180.014
27,FWD,122.23917,-0.00000,27,180.108
27,FWD,122.32674,0.00000,27,180.210
27,FWD,122.43344,-0.00000,27,180.276
27,FWD,122.51186,0.01000,27,180.358
27,FWD,122.61352,-0.01000,27,180.428
27,FWD,122.72327,0.01000,27,180.510
27,FWD,122.83284,-0.00000,27,180.609
27,FWD,122.96764,0.01000,27,180.676
27,FWD,123.06858,0.01000,27,180.758
27,FWD,123.19141,-0.01000,27,180.841
27,FWD,123.31491,0.00000,27,180.913
27,FWD,123.44424,0.01000,27,181.012
27,FWD,123.58996,0.01000,27,181.109
27,FWD,123.73553,0.01000,27,181.209
27,FWD,123.86646,0.01000,27,181.310
27,FWD,124.01788,0.01000,27,181.408
27,FWD,124.16611,0.01000,27,181.475
27,FWD,124.26775,0.00000,27,181.560
27,FWD,124.39524,0.04000,27,181.628
27,FWD,124.50998,0.10000,27,181.709
27,FWD,124.61630,0.33000,27,181.809
27,FWD,124.77148,1.82000,28,181.909
27,BWD,124.84058,4.38000,28,182.241
27,BWD,124.83772,4.26000,28,182.326
27,BWD,124.82681,4.05000,28,182.409
27,BWD,124.81157,3.57000,28,182.508
27,BWD,124.78265,3.04000,28,182.608
27,BWD,124.74375,1.93000,28,182.674
27,BWD,124.71215,1.52000,28,182.760
27,BWD,124.66573,1.05000,28,182.827
27,BWD,124.62350,0.61000,28,182.908
27,BWD,124.56593,0.20000,28,183.009
27,BWD,124.48615,0.08000,28,183.076
27,BWD,124.42764,0.06000,28,183.160
27,BWD,124.34892,0.01000,28,183.226
27,BWD,124.28014,0.01000,28,183.308
27,BWD,124.18939,0.00000,28,183.409
27,BWD,124.07139,0.01000,28,183.476
27,BWD,123.98450,0.01000,28,183.560
27,BWD,123.85146,0.01000,28,183.641
27,BWD,123.74707,0.00000,28,183.709
27,BWD,123.65378,0.00000,28,183.809
27,BWD,123.50300,0.01000,28,183.877
27,BWD,123.40112,0.01000,28,183.948
27,BWD,123.28246,0.01000,28,184.030
27,BWD,123.16872,0.01000,28,184.112
27,BWD,123.05035,0.01000,28,184.209
27,BWD,122.90286,0.01000,28,184.304
27,BWD,122.75198,-0.01000,28,184.411
27,BWD,122.60156,0.02000,28,184.507
27,BWD,122.49458,-0.01000,28,184.575
27,BWD,122.39621,0.01000,28,184.657
27,BWD,122.30418,0.01000,28,184.740
27,BWD,122.23416,-0.00000,28,184.823
27,BWD,122.15630,0.01000,28,184.907
27,BWD,122.08292,0.01000,28,184.975
27,BWD,122.02892,0.00000,28,185.043
27,BWD,121.96728,0.00000,28,185.140
27,BWD,121.91717,0.03000,28,185.208
27,BWD,121.87129,0.00000,28,185.308
27,BWD,121.83150,0.00000,28,185.373
27,BWD,121.80525,0.00000,28,185.441
27,BWD,121.78334,0.02000,28,185.523
27,BWD,121.76246,0.01000,28,185.607
27,BWD,121.74815,0.00000,28,185.708
27,BWD,121.74037,0.02000,28,185.777
27,BWD,121.74080,-0.00000,28,185.859
27,BWD,121.74715,0.01000,28,185.943
27,BWD,121.76361,0.00000,28,186.026
27,BWD,121.77927,0.01000,28,186.108
27,BWD,121.78686,0.01000,28,186.174
28,FWD,121.78854,0.00000,28,186.209
28,FWD,121.79748,0.02000,28,186.308
28,FWD,121.81667,-0.01000,28,186.408
28,FWD,121.84608,0.02000,28,186.508
28,FWD,121.87890,0.02000,28,186.573
28,FWD,121.90929,0.01000,28,186.639
28,FWD,121.94448,0.00000,28,186.725
28,FWD,121.99590,0.01000,28,186.808
28,FWD,122.06345,0.01000,28,186.908
28,FWD,122.13042,0.01000,28,186.976
28,FWD,122.20270,0.02000,28,187.059
28,FWD,122.26756,0.02000,28,187.142
28,FWD,122.35403,0.00000,28,187.211
28,FWD,122.44287,0.01000,28,187.310
28,FWD,122.56099,-0.00000,28,187.408
28,FWD,122.67027,0.00000,28,187.508
28,FWD,122.80848,0.00000,28,187.607
28,FWD,122.95366,-0.00000,28,187.707
28,FWD,123.10354,0.01000,28,187.773
28,FWD,123.20358,-0.00000,28,187.842
28,FWD,123.30611,0.02000,28,187.925
28,FWD,123.43077,0.00000,28,188.009
28,FWD,123.55633,0.01000,28,188.109
28,FWD,123.70681,0.00000,28,188.175
28,FWD,123.80776,0.02000,28,188.257
28,FWD,123.93652,0.01000,28,188.326
28,FWD,124.05333,-0.01000,28,188.407
28,FWD,124.15298,0.00000,28,188.521
28,FWD,124.32868,0.00000,28,188.608
28,FWD,124.45554,0.03000,28,188.707
28,FWD,124.60365,0.62000,28,188.811
28,FWD,124.76801,2.50000,29,188.907
28,BWD,124.82913,4.22000,29,189.241
28,BWD,124.82664,4.05000,29,189.308
28,BWD,124.81900,3.99000,29,189.406
28,BWD,124.80120,3.17000,29,189.508
28,BWD,124.77209,2.62000,29,189.610
28,BWD,124.72984,2.02000,29,189.704
28,BWD,124.68234,0.78000,30,189.798
28,BWD,124.61520,0.31000,30,189.907
28,BWD,124.54939,0.17000,30,190.000
28,BWD,124.47598,0.10000,30,190.105
28,BWD,124.38017,-0.01000,30,190.199
28,BWD,124.28589,0.00000,30,190.310
28,BWD,124.16875,0.00000,30,190.408
28,BWD,124.04709,0.00000,30,190.503
28,BWD,123.93667,0.01000,30,190.575
28,BWD,123.82571,0.01000,30,190.654
28,BWD,123.71111,-0.02000,30,190.733
28,BWD,123.60629,-0.00000,30,190.811
28,BWD,123.47541,0.01000,30,190.909
28,BWD,123.32449,0.00000,30,191.005
28,BWD,123.20023,-0.01000,30,191.107
28,BWD,123.03056,0.02000,30,191.202
28,BWD,122.88671,0.00000,30,191.300
28,BWD,122.75124,-0.00000,30,191.374
28,BWD,122.65916,0.01000,30,191.456
28,BWD,122.54995,0.01000,30,191.529
28,BWD,122.45393,0.01000,30,191.608
28,BWD,122.34843,0.02000,30,191.701
28,BWD,122.25652,0.02000,30,191.812
28,BWD,122.15102,0.01000,30,191.906
28,BWD,122.07138,-0.02000,30,192.010
28,BWD,121.98988,0.02000,30,192.105
28,BWD,121.92731,-0.00000,30,192.200
28,BWD,121.87396,0.02000,30,192.310
28,BWD,121.82327,0.00000,30,192.404
28,BWD,121.78925,0.00000,30,192.499
29,FWD,121.77193,0.01000,30,192.556
29,FWD,121.75272,0.01000,30,192.637
29,FWD,121.74324,0.03000,30,192.716
29,FWD,121.74001,0.01000,30,192.810
29,FWD,121.74423,0.01000,30,192.904
29,FWD,121.75749,0.01000,30,192.998
29,FWD,121.77826,0.01000,30,193.105
29,FWD,121.81516,0.01000,30,193.200
29,FWD,121.85616,-0.00000,30,193.309
29,FWD,121.91508,-0.00000,30,193.403
29,FWD,121.97512,-0.02000,30,193.498
29,FWD,122.04109,-0.00000,30,193.606
29,FWD,122.13437,0.01000,30,193.700
29,FWD,122.22331,0.02000,30,193.810
29,FWD,122.33704,0.01000,30,193.905
29,FWD,122.44395,-0.01000,30,193.999
29,FWD,122.54951,0.00000,30,194.068
29,FWD,122.64131,-0.02000,30,194.142
29,FWD,122.75233,0.00000,30,194.235
29,FWD,122.89053,0.02000,30,194.313
29,FWD,122.99872,0.01000,30,194.399
29,FWD,123.12518,0.01000,30,194.473
29,FWD,123.23464,0.02000,30,194.554
29,FWD,123.35572,0.02000,30,194.624
29,FWD,123.47617,0.01000,30,194.720
29,FWD,123.61754,0.01000,30,194.814
29,FWD,123.74191,0.02000,30,194.906
29,FWD,123.90057,0.01000,30,195.002
29,FWD,124.02895,0.02000,30,195.108
29,FWD,124.18093,-0.00000,30,195.174
29,FWD,124.28191,0.02000,30,195.241
29,FWD,124.38118,0.04000,30,195.312
29,FWD,124.50537,0.05000,30,195.409
29,FWD,124.65492,1.38000,30,195.510
29,FWD,124.78429,3.21000,31,195.574
29,BWD,124.80604,3.81000,31,195.908
29,BWD,124.80322,3.65000,31,196.009
29,BWD,124.78854,3.47000,31,196.106
29,BWD,124.76665,2.41000,31,196.207
29,BWD,124.73227,1.89000,31,196.303
29,BWD,124.69160,1.34000,31,196.413
29,BWD,124.63375,0.85000,31,196.506
29,BWD,124.57311,0.16000,31,196.607
29,BWD,124.50888,0.11000,31,196.707
29,BWD,124.41266,0.08000,31,196.806
29,BWD,124.32463,0.03000,31,196.900
29,BWD,124.22748,0.01000,31,197.005
29,BWD,124.12141,0.00000,31,197.105
29,BWD,123.98670,0.01000,31,197.199
29,BWD,123.86701,0.01000,31,197.307
29,BWD,123.70652,0.01000,31,197.401
29,BWD,123.58427,0.01000,31,197.501
29,BWD,123.42676,0.00000,31,197.572
29,BWD,123.30703,0.01000,31,197.652
29,BWD,123.19115,0.00000,31,197.730
29,BWD,123.07382,-0.00000,31,197.809
29,BWD,122.95427,0.00000,31,197.903
29,BWD,122.81383,0.03000,31,198.005
29,BWD,122.68391,-0.00000,31,198.104
29,BWD,122.55457,0.02000,31,198.199
29,BWD,122.43630,0.00000,31,198.310
29,BWD,122.31006,0.00000,31,198.405
29,BWD,122.21284,0.01000,31,198.500
29,BWD,122.12412,0.01000,31,198.605
29,BWD,122.03103,0.00000,31,198.700
29,BWD,121.96387,0.02000,31,198.809
29,BWD,121.89618,0.03000,31,198.908
29,BWD,121.84621,0.01000,31,199.003
29,BWD,121.81034,0.02000,31,199.106
29,BWD,121.77625,-0.00000,31,199.201
29,BWD,121.75507,0.01000,31,199.310
29,BWD,121.74185,0.01000,31,199.408
29,BWD,121.74046,0.02000,31,199.504
29,BWD,121.74797,0.00000,31,199.605
29,BWD,121.76680,-0.00000,31,199.700
29,BWD,121.78274,0.00000,31,199.810
29,BWD,121.78984,0.02000,31,199.904
30,FWD,121.79000,0.02000,31,199.941
30,FWD,121.79286,0.01000,31,200.023
30,FWD,121.80251,0.00000,31,200.103
30,FWD,121.82027,0.01000,31,200.199
30,FWD,121.84848,0.02000,31,200.278
30,FWD,121.88019,-0.00000,31,200.358
30,FWD,121.91818,0.00000,31,200.438
30,FWD,121.96101,0.01000,31,200.517
30,FWD,122.01041,0.02000,31,200.611
30,FWD,122.07786,0.02000,31,200.709
30,FWD,122.15703,-0.00000,31,200.808
30,FWD,122.24416,-0.00000,31,200.908
30,FWD,122.34897,0.01000,31,201.008
30,FWD,122.44189,-0.01000,31,201.074
30,FWD,122.52103,0.01000,31,201.141
30,FWD,122.62281,0.02000,31,201.240
30,FWD,122.73468,0.02000,31,201.307
30,FWD,122.82945,0.01000,31,201.407
30,FWD,122.98174,0.01000,31,201.477
30,FWD,123.09782,0.00000,31,201.554
30,FWD,123.21621,0.00000,31,201.633
30,FWD,123.32349,0.01000,31,201.712
30,FWD,123.45805,0.01000,31,201.806
30,FWD,123.58179,0.02000,31,201.874
30,FWD,123.68439,0.01000,31,201.960
30,FWD,123.82652,0.01000,31,202.056
30,FWD,123.96028,-0.00000,31,202.124
30,FWD,124.07417,0.01000,31,202.205
30,FWD,124.19209,0.02000,31,202.300
30,FWD,124.33337,0.00000,31,202.409
30,FWD,124.50184,0.07000,31,202.507
30,FWD,124.62672,0.21000,31,202.611
30,FWD,124.79699,3.94000,32,202.703
30,BWD,124.84473,4.47000,32,203.042
30,BWD,124.84172,4.22000,32,203.120
30,BWD,124.83109,4.22000,32,203.200
30,BWD,124.81504,3.85000,32,203.309
30,BWD,124.78201,2.61000,32,203.404
30,BWD,124.74820,2.22000,32,203.475
30,BWD,124.70966,1.02000,32,203.558
30,BWD,124.66328,0.79000,33,203.652
30,BWD,124.61035,0.17000,33,203.727
30,BWD,124.54649,0.08000,33,203.807
30,BWD,124.49187,0.10000,33,203.873
30,BWD,124.42146,0.04000,33,203.954
30,BWD,124.35541,-0.00000,33,204.033
30,BWD,124.27072,0.00000,33,204.109
30,BWD,124.17944,-0.00000,33,204.208
30,BWD,124.05728,0.01000,33,204.305
30,BWD,123.94783,0.02000,33,204.406
30,BWD,123.78865,0.00000,33,204.503
30,BWD,123.64806,0.02000,33,204.609
30,BWD,123.50293,-0.00000,33,204.698
30,BWD,123.36102,-0.00000,33,204.806
30,BWD,123.19410,-0.01000,33,204.901
30,BWD,123.05180,0.01000,33,205.011
30,BWD,122.88645,0.00000,33,205.105
30,BWD,122.76450,0.00000,33,205.206
30,BWD,122.62541,-0.01000,33,205.307
30,BWD,122.48215,-0.01000,33,205.402
30,BWD,122.37844,0.01000,33,205.474
30,BWD,122.30595,0.01000,33,205.556
30,BWD,122.20731,-0.01000,33,205.653
30,BWD,122.12936,0.02000,33,205.730
30,BWD,122.05846,0.01000,33,205.805
30,BWD,121.99893,0.03000,33,205.900
30,BWD,121.93568,-0.01000,33,206.002
30,BWD,121.88081,-0.01000,33,206.106
30,BWD,121.83267,0.00000,33,206.174
30,BWD,121.80580,0.02000,33,206.242
30,BWD,121.77985,0.01000,33,206.340
30,BWD,121.75713,0.00000,33,206.435
30,BWD,121.74410,0.00000,33,206.529
30,BWD,121.74002,-0.00000,33,206.610
30,BWD,121.74337,0.00000,33,206.706
30,BWD,121.75648,-0.00000,33,206.806
30,BWD,121.77531,0.01000,33,206.901
30,BWD,121.78698,0.01000,33,207.009
31,FWD,121.78996,0.01000,33,207.056
31,FWD,121.79381,0.00000,33,207.137
31,FWD,121.80458,0.03000,33,207.224
31,FWD,121.82670,0.00000,33,207.307
31,FWD,121.85092,-0.00000,33,207.400
31,FWD,121.88847,0.01000,33,207.506
31,FWD,121.94216,0.02000,33,207.603
31,FWD,121.99858,-0.01000,33,207.697
31,FWD,122.05511,-0.00000,33,207.777
31,FWD,122.12700,0.01000,33,207.873
31,FWD,122.20894,0.02000,33,207.958
31,FWD,122.29588,0.00000,33,208.041
31,FWD,122.37856,0.01000,33,208.121
31,FWD,122.45641,-0.00000,33,208.207
31,FWD,122.55756,-0.00000,33,208.306
31,FWD,122.68379,0.00000,33,208.407
31,FWD,122.84270,0.01000,33,208.500
31,FWD,122.97936,0.01000,33,208.608
31,FWD,123.12373,0.01000,33,208.707
31,FWD,123.27231,0.02000,33,208.806
31,FWD,123.42319,0.01000,33,208.908
31,FWD,123.57904,0.01000,33,209.004
31,FWD,123.72256,0.01000,33,209.108
31,FWD,123.89039,0.01000,33,209.205
31,FWD,124.02229,0.00000,33,209.307
31,FWD,124.17209,0.02000,33,209.373
31,FWD,124.27213,0.00000,33,209.457
31,FWD,124.41343,0.08000,33,209.534
31,FWD,124.53187,0.17000,33,209.613
31,FWD,124.63434,0.21000,33,209.708
31,FWD,124.77792,3.91000,34,209.808
31,BWD,124.84787,4.36000,34,210.160
31,BWD,124.84367,4.30000,34,210.258
31,BWD,124.82932,3.87000,34,210.356
31,BWD,124.80702,3.06000,34,210.442
31,BWD,124.77796,2.66000,34,210.522
31,BWD,124.74969,2.04000,34,210.608
31,BWD,124.70435,1.44000,34,210.708
31,BWD,124.64362,0.43000,34,210.803
31,BWD,124.58467,0.16000,34,210.874
31,BWD,124.52353,0.08000,34,210.954
31,BWD,124.45633,0.07000,34,211.042
31,BWD,124.37466,0.02000,34,211.136
31,BWD,124.27854,0.01000,34,211.230
31,BWD,124.18787,0.02000,34,211.309
31,BWD,124.07918,0.01000,34,211.401
31,BWD,123.96941,0.00000,34,211.507
31,BWD,123.82303,0.01000,34,211.608
31,BWD,123.66035,0.00000,34,211.706
31,BWD,123.51653,-0.00000,34,211.801
31,BWD,123.37363,0.01000,34,211.912
31,BWD,123.20988,0.01000,34,212.008
31,BWD,123.05933,0.01000,34,212.105
31,BWD,122.91801,0.00000,34,212.200
31,BWD,122.77873,0.01000,34,212.310
31,BWD,122.62569,0.01000,34,212.405
31,BWD,122.50471,0.00000,34,212.509
31,BWD,122.38158,0.02000,34,212.609
31,BWD,122.27280,0.01000,34,212.704
31,BWD,122.18928,0.01000,34,212.803
31,BWD,122.09853,-0.00000,34,212.872
31,BWD,122.03515,0.00000,34,212.944
31,BWD,121.98277,-0.01000,34,213.039
31,BWD,121.92748,0.01000,34,213.107
31,BWD,121.88124,0.01000,34,213.204
31,BWD,121.83541,0.01000,34,213.299
31,BWD,121.79882,-0.00000,34,213.408
31,BWD,121.76642,0.02000,34,213.507
31,BWD,121.74875,0.01000,34,213.603
31,BWD,121.74110,-0.00000,34,213.673
31,BWD,121.74037,0.00000,34,213.751
31,BWD,121.74481,0.01000,34,213.840
31,BWD,121.75882,0.00000,34,213.942
31,BWD,121.77863,0.00000,34,214.020
31,BWD,121.78745,0.02000,34,214.100
32,FWD,121.78909,-0.00000,34,214.131
32,FWD,121.79537,0.01000,34,214.222
32,FWD,121.81104,0.01000,34,214.316
32,FWD,121.83572,0.00000,34,214.398
32,FWD,121.86331,-0.01000,34,214.475
32,FWD,121.89729,-0.01000,34,214.553
32,FWD,121.93705,0.01000,34,214.633
32,FWD,121.98329,0.01000,34,214.726
32,FWD,122.04539,-0.01000,34,214.803
32,FWD,122.10477,-0.00000,34,214.910
32,FWD,122.19587,-0.01000,34,215.005
32,FWD,122.28582,0.02000,34,215.100
32,FWD,122.38403,0.00000,34,215.178
32,FWD,122.45979,-0.01000,34,215.257
32,FWD,122.56982,0.01000,34,215.336
32,FWD,122.66133,-0.01000,34,215.419
32,FWD,122.77248,-0.00000,34,215.505
32,FWD,122.90847,-0.02000,34,215.599
32,FWD,123.05013,0.00000,34,215.709
32,FWD,123.21826,-0.01000,34,215.806
32,FWD,123.35992,0.01000,34,215.902
32,FWD,123.49400,0.00000,34,215.973
32,FWD,123.60035,0.01000,34,216.051
32,FWD,123.72994,0.00000,34,216.131
32,FWD,123.84734,-0.00000,34,216.210
32,FWD,123.97010,0.00000,34,216.306
32,FWD,124.11459,0.00000,34,216.410
32,FWD,124.26988,0.01000,34,216.507
32,FWD,124.41091,0.05000,34,216.600
32,FWD,124.55225,0.14000,34,216.710
32,FWD,124.71687,0.62000,34,216.804
32,FWD,124.84254,3.49000,35,216.872
32,BWD,124.86649,4.70000,35,217.225
32,BWD,124.86257,4.56000,35,217.303
32,BWD,124.85385,4.35000,35,217.401
32,BWD,124.83432,3.92000,35,217.504
32,BWD,124.79854,2.58000,35,217.599
32,BWD,124.75935,1.91000,35,217.708
32,BWD,124.70251,1.28000,36,217.802
32,BWD,124.64872,0.74000,36,217.908
32,BWD,124.56602,0.11000,36,218.005
32,BWD,124.49656,0.08000,36,218.099
32,BWD,124.40904,0.03000,36,218.208
32,BWD,124.29105,0.00000,36,218.303
32,BWD,124.18848,0.00000,36,218.409
32,BWD,124.05430,0.01000,36,218.507
32,BWD,123.92484,0.02000,36,218.603
32,BWD,123.79113,0.02000,36,218.697
32,BWD,123.65237,0.01000,36,218.776
32,BWD,123.53131,0.01000,36,218.854
32,BWD,123.39822,0.00000,36,218.942
32,BWD,123.28213,0.00000,36,219.021
32,BWD,123.16475,0.00000,36,219.115
32,BWD,123.03159,0.02000,36,219.206
32,BWD,122.90325,0.01000,36,219.307
32,BWD,122.73830,0.01000,36,219.403
32,BWD,122.61966,-0.00000,36,219.472
32,BWD,122.53294,0.01000,36,219.539
32,BWD,122.44939,-0.02000,36,219.625
32,BWD,122.33612,-0.00000,36,219.708
32,BWD,122.25320,0.00000,36,219.802
32,BWD,122.16140,0.01000,36,219.897
32,BWD,122.07840,0.00000,36,220.008
32,BWD,121.99326,0.02000,36,220.104
32,BWD,121.93265,0.03000,36,220.209
32,BWD,121.87058,0.01000,36,220.304
32,BWD,121.82698,0.02000,36,220.398
32,BWD,121.79045,0.01000,36,220.508
33,FWD,121.77204,0.00000,36,220.540
33,FWD,121.75581,0.01000,36,220.621
33,FWD,121.74550,0.01000,36,220.707
33,FWD,121.74006,0.02000,36,220.804
33,FWD,121.74351,0.01000,36,220.898
33,FWD,121.75565,0.01000,36,221.007
33,FWD,121.77779,0.01000,36,221.073
33,FWD,121.80311,0.01000,36,221.154
33,FWD,121.82973,0.00000,36,221.241
33,FWD,121.87560,0.02000,36,221.335
33,FWD,121.92900,-0.00000,36,221.429
33,FWD,121.98306,0.00000,36,221.508
33,FWD,122.05479,0.00000,36,221.607
33,FWD,122.12258,0.01000,36,221.706
33,FWD,122.23539,0.01000,36,221.803
33,FWD,122.32568,0.00000,36,221.898
33,FWD,122.43217,0.02000,36,222.007
33,FWD,122.58286,0.02000,36,222.109
33,FWD,122.70567,0.01000,36,222.203
33,FWD,122.82615,0.01000,36,222.273
33,FWD,122.94479,-0.00000,36,222.352
33,FWD,123.06284,-0.01000,36,222.431
33,FWD,123.17990,0.01000,36,222.510
33,FWD,123.29754,0.01000,36,222.603
33,FWD,123.44267,0.01000,36,222.708
33,FWD,123.59702,0.02000,36,222.803
33,FWD,123.73840,0.01000,36,222.912
33,FWD,123.90237,0.00000,36,223.007
33,FWD,124.04433,-0.00000,36,223.101
33,FWD,124.17159,0.00000,36,223.170
33,FWD,124.27486,0.00000,36,223.254
33,FWD,124.41647,0.04000,36,223.350
33,FWD,124.55786,0.12000,36,223.428
33,FWD,124.67511,0.35000,36,223.506
33,FWD,124.79312,1.57000,37,223.600
33,BWD,124.84111,4.15000,37,223.947
33,BWD,124.83809,4.11000,37,224.039
33,BWD,124.82610,3.69000,37,224.134
33,BWD,124.80643,3.33000,37,224.208
33,BWD,124.78143,3.06000,37,224.305
33,BWD,124.74397,1.69000,37,224.401
33,BWD,124.69787,1.10000,38,224.511
33,BWD,124.63309,0.62000,38,224.605
33,BWD,124.57522,0.16000,38,224.674
33,BWD,124.52351,0.09000,38,224.757
33,BWD,124.44244,0.05000,38,224.854
33,BWD,124.35219,0.02000,38,224.949
33,BWD,124.25462,0.01000,38,225.043
33,BWD,124.14790,0.01000,38,225.122
33,BWD,124.05745,0.00000,38,225.197
33,BWD,123.96028,0.01000,38,225.307
33,BWD,123.80325,0.01000,38,225.401
33,BWD,123.66362,-0.01000,38,225.511
33,BWD,123.49837,0.01000,38,225.606
33,BWD,123.37250,0.01000,38,225.708
33,BWD,123.20119,0.01000,38,225.802
33,BWD,123.07371,-0.00000,38,225.873
33,BWD,122.97301,0.02000,38,225.951
33,BWD,122.83925,0.00000,38,226.029
33,BWD,122.72627,0.01000,38,226.108
33,BWD,122.63505,0.01000,38,226.174
33,BWD,122.54748,0.02000,38,226.241
33,BWD,122.45168,0.01000,38,226.319
33,BWD,122.36939,0.00000,38,226.406
33,BWD,122.26797,0.01000,38,226.500
33,BWD,122.17554,0.01000,38,226.610
33,BWD,122.08711,0.00000,38,226.724
33,BWD,121.99129,-0.00000,38,226.820
33,BWD,121.93310,-0.01000,38,226.905
33,BWD,121.88571,0.00000,38,226.971
33,BWD,121.84666,0.01000,38,227.050
33,BWD,121.81344,0.00000,38,227.130
33,BWD,121.78806,0.01000,38,227.206
34,FWD,121.77554,-0.00000,38,227.239
34,FWD,121.75893,0.00000,38,227.336
34,FWD,121.74503,0.00000,38,227.424
34,FWD,121.74003,0.02000,38,227.521
34,FWD,121.74384,0.00000,38,227.599
34,FWD,121.75189,0.01000,38,227.699
34,FWD,121.77333,0.01000,38,227.770
34,FWD,121.79868,0.01000,38,227.850
34,FWD,121.82681,0.01000,38,227.930
34,FWD,121.86121,0.01000,38,228.021
34,FWD,121.91182,0.01000,38,228.115
34,FWD,121.96584,0.00000,38,228.207
34,FWD,122.03039,0.01000,38,228.301
34,FWD,122.13313,0.01000,38,228.411
34,FWD,122.21703,0.00000,38,228.507
34,FWD,122.30788,0.01000,38,228.601
34,FWD,122.41098,-0.00000,38,228.672
34,FWD,122.49253,0.00000,38,228.754
34,FWD,122.61262,0.01000,38,228.849
34,FWD,122.74187,-0.00000,38,228.944
34,FWD,122.88313,0.00000,38,229.042
34,FWD,123.02571,0.01000,38,229.135
34,FWD,123.15824,0.01000,38,229.208
34,FWD,123.26891,0.00000,38,229.303
34,FWD,123.41309,0.00000,38,229.398
34,FWD,123.56113,0.00000,38,229.509
34,FWD,123.71506,0.00000,38,229.610
34,FWD,123.86806,0.00000,38,229.708
34,FWD,124.02765,-0.01000,38,229.803
34,FWD,124.16877,0.01000,38,229.896
34,FWD,124.31023,0.00000,38,230.006
34,FWD,124.46180,0.11000,38,230.105
34,FWD,124.60697,0.14000,38,230.175
34,FWD,124.70918,2.55000,38,230.256
34,FWD,124.84898,4.17000,39,230.351
34,BWD,124.89874,5.40000,39,230.707
34,BWD,124.89401,5.01000,39,230.803
34,BWD,124.87978,4.64000,39,230.898
34,BWD,124.85501,4.12000,39,231.007
34,BWD,124.82008,2.65000,39,231.102
34,BWD,124.78398,1.96000,39,231.207
34,BWD,124.71954,1.28000,39,231.301
34,BWD,124.66069,0.71000,39,231.411
34,BWD,124.57816,0.11000,39,231.505
34,BWD,124.49919,0.06000,39,231.600
34,BWD,124.41510,0.03000,39,231.670
34,BWD,124.34773,0.02000,39,231.740
34,BWD,124.27477,0.00000,39,231.819
34,BWD,124.17013,-0.00000,39,231.897
34,BWD,124.07182,0.01000,39,232.007
34,BWD,123.92507,0.02000,39,232.102
34,BWD,123.79751,0.02000,39,232.197
34,BWD,123.64906,0.02000,39,232.304
34,BWD,123.48570,0.02000,39,232.399
34,BWD,123.34373,0.00000,39,232.508
34,BWD,123.17871,0.01000,39,232.602
34,BWD,123.04868,0.02000,39,232.707
34,BWD,122.87585,0.00000,39,232.804
34,BWD,122.73951,0.01000,39,232.898
34,BWD,122.61010,0.01000,39,233.008
34,BWD,122.47155,0.00000,39,233.102
34,BWD,122.36945,0.00000,39,233.207
34,BWD,122.24557,0.01000,39,233.306
34,BWD,122.15485,0.02000,39,233.401
34,BWD,122.07346,0.00000,39,233.510
34,BWD,121.98949,0.02000,39,233.606
34,BWD,121.93399,0.00000,39,233.675
34,BWD,121.89418,0.01000,39,233.758
34,BWD,121.85149,0.02000,39,233.823
34,BWD,121.81797,0.01000,39,233.917
34,BWD,121.78508,0.01000,39,234.012
35,FWD,121.76661,0.00000,39,234.074
35,FWD,121.75031,-0.00000,39,234.153
35,FWD,121.74283,0.02000,39,234.225
35,FWD,121.74003,0.01000,39,234.308
35,FWD,121.74408,0.02000,39,234.402
35,FWD,121.75702,0.02000,39,234.512
35,FWD,121.78330,-0.01000,39,234.606
35,FWD,121.81119,-0.01000,39,234.707
35,FWD,121.86028,0.01000,39,234.803
35,FWD,121.90705,-0.00000,39,234.905
35,FWD,121.97627,0.00000,39,234.999
35,FWD,122.04583,0.02000,39,235.109
35,FWD,122.14281,0.01000,39,235.225
35,FWD,122.24718,0.01000,39,235.303
35,FWD,122.31921,0.01000,39,235.406
35,FWD,122.44643,0.02000,39,235.500
35,FWD,122.56347,0.01000,39,235.610
35,FWD,122.71088,-0.00000,39,235.708
35,FWD,122.85197,-0.01000,39,235.803
35,FWD,122.99585,0.01000,39,235.909
35,FWD,123.15074,0.00000,39,236.003
35,FWD,123.29205,0.00000,39,236.096
35,FWD,123.41599,0.02000,39,236.164
35,FWD,123.52985,-0.00000,39,236.240
35,FWD,123.64777,0.00000,39,236.334
35,FWD,123.78910,0.00000,39,236.424
35,FWD,123.92715,0.02000,39,236.505
35,FWD,124.04482,0.01000,39,236.598
35,FWD,124.16944,0.01000,39,236.707
35,FWD,124.34985,0.01000,39,236.802
35,FWD,124.49239,0.11000,39,236.897
35,FWD,124.62901,0.34000,39,237.006
35,FWD,124.79716,1.75000,40,237.100
35,BWD,124.84475,4.27000,40,237.446
35,BWD,124.84099,4.00000,40,237.525
35,BWD,124.83109,3.80000,40,237.603
35,BWD,124.81674,3.46000,40,237.724
35,BWD,124.77792,2.19000,40,237.819
35,BWD,124.73904,1.95000,40,237.913
35,BWD,124.69148,1.00000,41,238.006
35,BWD,124.64272,0.51000,41,238.104
35,BWD,124.57621,0.17000,41,238.207
35,BWD,124.48383,0.07000,41,238.302
35,BWD,124.40228,0.04000,41,238.397
35,BWD,124.30682,0.01000,41,238.507
35,BWD,124.17912,0.00000,41,238.607
35,BWD,124.08064,0.01000,41,238.697
35,BWD,123.95310,0.01000,41,238.774
35,BWD,123.84531,0.02000,41,238.853
35,BWD,123.73068,0.00000,41,238.930
35,BWD,123.61304,0.00000,41,239.009
35,BWD,123.50356,-0.00000,41,239.107
35,BWD,123.35966,0.01000,41,239.206
35,BWD,123.21676,0.01000,41,239.304
35,BWD,123.05178,0.01000,41,239.399
35,BWD,122.91079,0.01000,41,239.508
35,BWD,122.76332,-0.00000,41,239.602
35,BWD,122.63082,0.01000,41,239.707
35,BWD,122.50104,0.01000,41,239.805
35,BWD,122.37473,-0.00000,41,239.899
35,BWD,122.27141,0.03000,41,240.008
35,BWD,122.16283,0.00000,41,240.104
35,BWD,122.08133,0.01000,41,240.208
35,BWD,121.99983,-0.01000,41,240.302
35,BWD,121.93624,0.02000,41,240.396
35,BWD,121.87867,0.00000,41,240.506
35,BWD,121.82931,0.01000,41,240.601
35,BWD,121.79272,0.00000,41,240.708
36,FWD,121.77351,0.02000,41,240.756
36,FWD,121.75486,-0.00000,41,240.835
36,FWD,121.74536,0.01000,41,240.914
36,FWD,121.74012,0.00000,41,241.008
36,FWD,121.74321,0.01000,41,241.103
36,FWD,121.75627,-0.00000,41,241.206
36,FWD,121.77958,0.01000,41,241.304
36,FWD,121.81314,-0.00000,41,241.398
36,FWD,121.84995,0.02000,41,241.476
36,FWD,121.88971,-0.00000,41,241.555
36,FWD,121.93599,0.02000,41,241.634
36,FWD,121.98032,0.00000,41,241.708
36,FWD,122.04931,0.01000,41,241.805
36,FWD,122.12421,0.01000,41,241.900
36,FWD,122.21083,0.00000,41,242.009
36,FWD,122.33345,0.01000,41,242.104
36,FWD,122.42013,0.01000,41,242.208
36,FWD,122.56465,0.03000,41,242.307
36,FWD,122.69011,0.01000,41,242.401
36,FWD,122.82480,-0.00000,41,242.511
36,FWD,122.98907,0.00000,41,242.606
36,FWD,123.11436,0.00000,41,242.666
36,FWD,123.21443,0.01000,41,242.756
36,FWD,123.33779,0.00000,41,242.825
36,FWD,123.46129,0.02000,41,242.921
36,FWD,123.61247,0.01000,41,243.015
36,FWD,123.74185,0.01000,41,243.108
36,FWD,123.86441,0.01000,41,243.207
36,FWD,124.03509,0.01000,41,243.307
36,FWD,124.18526,0.00000,41,243.403
36,FWD,124.32695,-0.01000,41,243.498
36,FWD,124.46762,0.09000,41,243.608
36,FWD,124.61646,0.38000,41,243.706
36,FWD,124.78438,1.96000,42,243.803
36,BWD,124.83178,4.05000,42,244.142
36,BWD,124.82909,3.92000,42,244.210
36,BWD,124.81990,3.60000,42,244.305
36,BWD,124.80339,3.15000,42,244.407
36,BWD,124.77012,2.62000,42,244.502
36,BWD,124.73277,2.06000,42,244.596
36,BWD,124.69289,1.04000,43,244.669
36,BWD,124.64948,0.58000,43,244.756
36,BWD,124.58814,0.15000,43,244.850
36,BWD,124.52017,0.10000,43,244.925
36,BWD,124.45531,0.04000,43,245.004
36,BWD,124.38410,0.05000,43,245.098
36,BWD,124.29810,-0.01000,43,245.158
36,BWD,124.22670,0.00000,43,245.239
36,BWD,124.13239,0.00000,43,245.334
36,BWD,124.01698,-0.00000,43,245.427
36,BWD,123.89393,0.00000,43,245.520
36,BWD,123.75986,0.00000,43,245.600
36,BWD,123.65289,0.00000,43,245.707
36,BWD,123.47904,0.00000,43,245.803
36,BWD,123.33797,0.02000,43,245.897
36,BWD,123.19957,0.01000,43,246.008
36,BWD,123.03177,0.00000,43,246.102
36,BWD,122.90619,0.02000,43,246.170
36,BWD,122.79747,0.01000,43,246.245
36,BWD,122.68504,-0.01000,43,246.325
36,BWD,122.57641,-0.00000,43,246.419
36,BWD,122.47234,0.01000,43,246.503
36,BWD,122.37600,0.01000,43,246.566
36,BWD,122.30707,0.02000,43,246.640
36,BWD,122.23098,0.01000,43,246.708
36,BWD,122.15419,-0.02000,43,246.802
36,BWD,122.07320,0.00000,43,246.896
36,BWD,122.00977,0.00000,43,246.975
36,BWD,121.95170,0.00000,43,247.057
36,BWD,121.89739,0.00000,43,247.153
36,BWD,121.85233,0.02000,43,247.226
36,BWD,121.81699,0.01000,43,247.305
36,BWD,121.78934,0.00000,43,247.399
37,FWD,121.77044,0.00000,43,247.445
37,FWD,121.75486,0.01000,43,247.539
37,FWD,121.74412,-0.00000,43,247.607
37,FWD,121.74009,0.00000,43,247.700
37,FWD,121.74334,0.00000,43,247.810
37,FWD,121.75845,0.00000,43,247.905
37,FWD,121.77798,0.00000,43,248.006
37,FWD,121.81516,0.00000,43,248.101
37,FWD,121.85616,0.02000,43,248.211
37,FWD,121.91510,0.01000,43,248.295
37,FWD,121.96600,-0.00000,43,248.403
37,FWD,122.04764,-0.01000,43,248.497
37,FWD,122.12633,0.01000,43,248.607
37,FWD,122.21671,0.01000,43,248.702
37,FWD,122.31408,0.02000,43,248.796
37,FWD,122.43352,0.01000,43,248.906
37,FWD,122.55826,0.00000,43,249.001
37,FWD,122.68559,-0.00000,43,249.106
37,FWD,122.84599,0.01000,43,249.201
37,FWD,122.98787,0.02000,43,249.311
37,FWD,123.13828,0.01000,43,249.405
37,FWD,123.29444,-0.02000,43,249.499
37,FWD,123.43482,-0.01000,43,249.609
37,FWD,123.58963,0.00000,43,249.703
37,FWD,123.74107,0.00000,43,249.797
37,FWD,123.88277,0.01000,43,249.907
37,FWD,124.04589,0.01000,43,250.002
37,FWD,124.18814,0.01000,43,250.111
37,FWD,124.35342,0.00000,43,250.205
37,FWD,124.49384,0.01000,43,250.299
37,FWD,124.63818,0.88000,43,250.409
37,FWD,124.79983,2.96000,44,250.503
37,BWD,124.84776,4.19000,44,250.864
37,BWD,124.84351,4.17000,44,250.958
37,BWD,124.83043,3.78000,44,251.052
37,BWD,124.80862,3.52000,44,251.130
37,BWD,124.78701,2.36000,44,251.209
37,BWD,124.75162,2.27000,44,251.303
37,BWD,124.70641,0.88000,44,251.398
37,BWD,124.65186,0.40000,44,251.508
37,BWD,124.57294,0.14000,44,251.603
37,BWD,124.50334,0.09000,44,251.696
37,BWD,124.42068,0.01000,44,251.806
37,BWD,124.30227,0.02000,44,251.901
37,BWD,124.21126,0.01000,44,252.011
37,BWD,124.08123,0.01000,44,252.105
37,BWD,123.96037,-0.01000,44,252.199
37,BWD,123.83001,0.03000,44,252.309
37,BWD,123.66805,0.02000,44,252.402
37,BWD,123.52731,0.02000,44,252.497
37,BWD,123.38596,0.01000,44,252.607
37,BWD,123.22095,0.00000,44,252.701
37,BWD,123.07925,0.02000,44,252.795
37,BWD,122.93757,0.01000,44,252.875
37,BWD,122.81966,-0.00000,44,252.953
37,BWD,122.72092,0.02000,44,253.031
37,BWD,122.60086,0.00000,44,253.111
37,BWD,122.50143,0.01000,44,253.205
37,BWD,122.38930,-0.01000,44,253.299
37,BWD,122.28656,0.01000,44,253.408
37,BWD,122.17742,0.01000,44,253.503
37,BWD,122.09411,0.00000,44,253.597
37,BWD,122.01893,0.00000,44,253.706
37,BWD,121.94336,-0.00000,44,253.801
37,BWD,121.88748,0.00000,44,253.911
37,BWD,121.83380,0.01000,44,254.006
37,BWD,121.79750,0.01000,44,254.099
37,BWD,121.76998,0.01000,44,254.203
37,BWD,121.74998,0.01000,44,254.297
37,BWD,121.74110,0.01000,44,254.407
37,BWD,121.74171,0.01000,44,254.502
37,BWD,121.75170,0.01000,44,254.596
37,BWD,121.76998,0.01000,44,254.706
37,BWD,121.78593,0.00000,44,254.800
38,FWD,121.78902,-0.00000,44,254.831
38,FWD,121.79579,0.00000,44,254.926
38,FWD,121.81184,-0.01000,44,255.020
38,FWD,121.83695,0.01000,44,255.115
38,FWD,121.87080,-0.01000,44,255.208
38,FWD,121.91326,-0.00000,44,255.302
38,FWD,121.96520,0.01000,44,255.397
38,FWD,122.02590,0.01000,44,255.506
38,FWD,122.10693,0.01000,44,255.601
38,FWD,122.18794,0.01000,44,255.696
38,FWD,122.27647,0.01000,44,255.807
38,FWD,122.39149,0.01000,44,255.900
38,FWD,122.49896,0.01000,44,256.010
38,FWD,122.63615,0.01000,44,256.104
38,FWD,122.76361,0.01000,44,256.198
38,FWD,122.89969,0.01000,44,256.308
38,FWD,123.06465,0.01000,44,256.402
38,FWD,123.20572,0.01000,44,256.497
38,FWD,123.34735,0.01000,44,256.607
38,FWD,123.51241,0.00000,44,256.701
38,FWD,123.65338,0.01000,44,256.811
38,FWD,123.81801,0.01000,44,256.905
38,FWD,123.95968,0.00000,44,256.999
38,FWD,124.10073,0.01000,44,257.109
38,FWD,124.26569,0.01000,44,257.203
38,FWD,124.40699,0.00000,44,257.297
38,FWD,124.54810,0.07000,44,257.407
38,FWD,124.71278,2.15000,44,257.501
38,FWD,124.85425,4.64000,45,257.596
38,BWD,124.90221,5.39000,45,257.941
38,BWD,124.89833,5.05000,45,258.020
38,BWD,124.88840,5.06000,45,258.098
38,BWD,124.87402,4.01000,45,258.208
38,BWD,124.83949,3.39000,45,258.302
38,BWD,124.80305,2.72000,45,258.397
38,BWD,124.75555,1.98000,45,258.506
38,BWD,124.68907,0.58000,45,258.601
38,BWD,124.62376,0.20000,45,258.710
38,BWD,124.54556,0.10000,45,258.805
38,BWD,124.45955,0.01000,45,258.899
38,BWD,124.35572,0.01000,45,259.009
38,BWD,124.24268,0.02000,45,259.103
38,BWD,124.12814,0.01000,45,259.197
38,BWD,124.00362,0.01000,45,259.306
38,BWD,123.84732,0.01000,45,259.400
38,BWD,123.70772,0.01000,45,259.510
38,BWD,123.56068,0.00000,45,259.603
38,BWD,123.41535,0.01000,45,259.705
38,BWD,123.25066,0.01000,45,259.799
38,BWD,123.11340,-0.00000,45,259.866
38,BWD,123.02650,0.01000,45,259.940
38,BWD,122.91445,0.00000,45,260.016
38,BWD,122.80295,0.01000,45,260.107
38,BWD,122.65999,0.01000,45,260.202
38,BWD,122.53342,0.01000,45,260.296
38,BWD,122.41925,0.00000,45,260.407
38,BWD,122.29681,0.01000,45,260.502
38,BWD,122.20226,0.00000,45,260.611
38,BWD,122.10269,0.00000,45,260.706
38,BWD,122.02637,-0.01000,45,260.802
38,BWD,121.95989,0.00000,45,260.909
38,BWD,121.89303,-0.00000,45,261.003
38,BWD,121.84535,0.01000,45,261.098
38,BWD,121.80779,0.00000,45,261.207
38,BWD,121.77166,-0.00000,45,261.301
38,BWD,121.75299,0.01000,45,261.395
38,BWD,121.74225,0.00000,45,261.473
38,BWD,121.74002,0.01000,45,261.551
38,BWD,121.74363,0.01000,45,261.634
38,BWD,121.75213,0.01000,45,261.717
38,BWD,121.77071,-0.01000,45,261.812
38,BWD,121.78461,-0.00000,45,261.896
38,BWD,121.78962,0.02000,45,261.973
39,FWD,121.79000,0.01000,45,262.022
39,FWD,121.79426,0.01000,45,262.116
39,FWD,121.80734,0.02000,45,262.195
39,FWD,121.82506,0.01000,45,262.273
39,FWD,121.84897,0.01000,45,262.351
39,FWD,121.87910,-0.01000,45,262.431
39,FWD,121.91531,0.01000,45,262.509
39,FWD,121.95763,0.01000,45,262.603
39,FWD,122.01635,0.00000,45,262.697
39,FWD,122.08213,-0.00000,45,262.798
39,FWD,122.16476,0.01000,45,262.906
39,FWD,122.25463,0.00000,45,263.007
39,FWD,122.35794,0.01000,45,263.073
39,FWD,122.44454,0.01000,45,263.152
39,FWD,122.52564,0.00000,45,263.231
39,FWD,122.63606,0.01000,45,263.308
39,FWD,122.72371,-0.00000,45,263.396
39,FWD,122.86185,0.00000,45,263.473
39,FWD,122.98173,-0.00000,45,263.552
39,FWD,123.08392,0.00000,45,263.631
39,FWD,123.21761,0.00000,45,263.710
39,FWD,123.33595,0.00000,45,263.807
39,FWD,123.46313,0.01000,45,263.875
39,FWD,123.58498,0.01000,45,263.971
39,FWD,123.72670,0.00000,45,264.050
39,FWD,123.84396,0.00000,45,264.127
39,FWD,123.96198,0.01000,45,264.207
39,FWD,124.06622,0.02000,45,264.301
39,FWD,124.21317,0.00000,45,264.406
39,FWD,124.37817,-0.01000,45,264.500
39,FWD,124.51886,0.20000,45,264.606
39,FWD,124.67885,1.01000,45,264.700
39,FWD,124.82058,3.06000,46,264.810
39,BWD,124.89182,4.93000,46,265.172
39,BWD,124.88755,4.66000,46,265.267
39,BWD,124.87452,4.42000,46,265.345
39,BWD,124.85678,4.02000,46,265.423
39,BWD,124.83307,3.59000,46,265.501
39,BWD,124.80298,2.97000,46,265.595
39,BWD,124.75903,1.40000,46,265.705
39,BWD,124.69654,0.83000,47,265.799
39,BWD,124.63321,0.31000,47,265.910
39,BWD,124.54838,0.08000,47,266.003
39,BWD,124.46567,0.05000,47,266.097
39,BWD,124.37421,0.01000,47,266.175
39,BWD,124.30453,0.02000,47,266.254
39,BWD,124.20121,0.01000,47,266.333
39,BWD,124.10649,0.00000,47,266.412
39,BWD,124.00526,0.03000,47,266.506
39,BWD,123.87534,0.01000,47,266.600
39,BWD,123.73678,-0.00000,47,266.710
39,BWD,123.57246,0.00000,47,266.804
39,BWD,123.43143,0.00000,47,266.898
39,BWD,123.28934,0.00000,47,267.008
39,BWD,123.12534,-0.01000,47,267.102
39,BWD,122.98392,0.02000,47,267.196
39,BWD,122.85586,0.00000,47,267.306
39,BWD,122.68547,-0.01000,47,267.400
39,BWD,122.56091,-0.00000,47,267.510
39,BWD,122.42590,0.00000,47,267.604
39,BWD,122.32021,0.00000,47,267.698
39,BWD,122.22273,0.02000,47,267.808
39,BWD,122.12109,-0.00000,47,267.903
39,BWD,122.05264,-0.00000,47,267.997
39,BWD,121.98152,0.01000,47,268.105
39,BWD,121.90539,0.01000,47,268.200
39,BWD,121.85858,0.00000,47,268.310
39,BWD,121.80878,0.01000,47,268.405
39,BWD,121.77833,0.01000,47,268.498
39,BWD,121.75680,0.03000,47,268.608
39,BWD,121.74265,0.00000,47,268.703
39,BWD,121.74002,0.00000,47,268.797
39,BWD,121.74621,0.01000,47,268.907
39,BWD,121.76245,0.03000,47,269.001
39,BWD,121.78034,0.00000,47,269.096
39,BWD,121.78930,0.00000,47,269.206
40,FWD,121.79000,-0.00000,47,269.237
40,FWD,121.79330,0.01000,47,269.315
40,FWD,121.80278,0.00000,47,269.410
40,FWD,121.82191,0.00000,47,269.502
40,FWD,121.84972,-0.02000,47,269.595
40,FWD,121.88624,0.01000,47,269.704
40,FWD,121.94015,0.01000,47,269.798
40,FWD,121.99583,0.01000,47,269.907
40,FWD,122.07056,-0.02000,47,270.000
40,FWD,122.14655,0.02000,47,270.110
40,FWD,122.24507,0.00000,47,270.205
40,FWD,122.33875,0.02000,47,270.297
40,FWD,122.44591,0.02000,47,270.405
40,FWD,122.56963,0.01000,47,270.497
40,FWD,122.69782,0.01000,47,270.606
40,FWD,122.84019,0.01000,47,270.699
40,FWD,122.97932,0.01000,47,270.808
40,FWD,123.14436,0.01000,47,270.903
40,FWD,123.29205,0.01000,47,270.996
40,FWD,123.42242,0.01000,47,271.105
40,FWD,123.59492,-0.00000,47,271.197
40,FWD,123.72650,0.00000,47,271.275
40,FWD,123.84299,0.00000,47,271.352
40,FWD,123.95943,0.01000,47,271.430
40,FWD,124.06666,0.02000,47,271.505
40,FWD,124.20097,-0.00000,47,271.597
40,FWD,124.32630,0.00000,47,271.705
40,FWD,124.49100,0.10000,47,271.799
40,FWD,124.63042,0.30000,47,271.909
40,FWD,124.79129,1.59000,48,272.001
40,BWD,124.83860,4.14000,48,272.340
40,BWD,124.83554,3.89000,48,272.416
40,BWD,124.82608,3.67000,48,272.509
40,BWD,124.80657,3.27000,48,272.604
40,BWD,124.77894,2.76000,48,272.696
40,BWD,124.74248,1.44000,48,272.804
40,BWD,124.68992,0.89000,49,272.896
40,BWD,124.63452,0.39000,49,273.005
40,BWD,124.55882,0.14000,49,273.099
40,BWD,124.48525,0.06000,49,273.224
40,BWD,124.37284,0.02000,49,273.300
40,BWD,124.29576,-0.00000,49,273.408
40,BWD,124.17609,0.00000,49,273.501
40,BWD,124.06605,0.02000,49,273.608
40,BWD,123.92494,0.01000,49,273.704
40,BWD,123.79247,-0.00000,49,273.797
40,BWD,123.65701,0.01000,49,273.905
40,BWD,123.49328,0.02000,49,273.997
40,BWD,123.35362,-0.01000,49,274.107
40,BWD,123.18983,0.00000,49,274.201
40,BWD,123.05057,-0.00000,49,274.308
40,BWD,122.88934,0.00000,49,274.400
40,BWD,122.75433,0.01000,49,274.507
40,BWD,122.60815,0.01000,49,274.599
40,BWD,122.48912,0.02000,49,274.709
40,BWD,122.36127,-0.00000,49,274.802
40,BWD,122.26092,0.00000,49,274.897
40,BWD,122.16978,0.00000,49,275.005
40,BWD,122.07404,0.02000,49,275.100
40,BWD,122.00115,0.00000,49,275.209
40,BWD,121.92899,0.01000,49,275.302
40,BWD,121.87574,0.02000,49,275.395
40,BWD,121.83172,0.02000,49,275.503
40,BWD,121.79161,0.00000,49,275.595
41,FWD,121.77543,0.01000,49,275.641
41,FWD,121.75665,-0.00000,49,275.718
41,FWD,121.74561,0.01000,49,275.796
41,FWD,121.74037,-0.01000,49,275.905
41,FWD,121.74339,-0.00000,49,275.999
41,FWD,121.75565,0.00000,49,276.109
41,FWD,121.78038,0.01000,49,276.201
41,FWD,121.81094,0.00000,49,276.310
41,FWD,121.85741,0.01000,49,276.400
41,FWD,121.90715,-0.00000,49,276.495
41,FWD,121.96680,-0.00000,49,276.605
41,FWD,122.04448,-0.00000,49,276.696
41,FWD,122.11095,0.00000,49,276.774
41,FWD,122.19196,0.01000,49,276.851
41,FWD,122.26803,0.01000,49,276.930
41,FWD,122.35197,0.01000,49,277.008
41,FWD,122.44256,0.01000,49,277.102
41,FWD,122.55872,0.01000,49,277.196
41,FWD,122.68227,-0.00000,49,277.305
41,FWD,122.82475,0.00000,49,277.407
41,FWD,122.97424,0.01000,49,277.507
41,FWD,123.14182,0.01000,49,277.601
41,FWD,123.28289,-0.00000,49,277.696
41,FWD,123.41567,0.01000,49,277.806
41,FWD,123.57436,-0.01000,49,277.907
41,FWD,123.74216,0.01000,49,278.001
41,FWD,123.87217,0.00000,49,278.096
41,FWD,124.01601,0.01000,49,278.206
41,FWD,124.18950,0.02000,49,278.300
41,FWD,124.31348,-0.00000,49,278.375
41,FWD,124.43240,0.04000,49,278.441
41,FWD,124.52422,0.16000,49,278.506
41,FWD,124.63087,0.45000,49,278.607
41,FWD,124.77414,2.19000,50,278.696
41,BWD,124.83102,4.02000,50,279.035
41,BWD,124.82819,3.79000,50,279.116
41,BWD,124.81853,3.52000,50,279.209
41,BWD,124.79898,3.11000,50,279.312
41,BWD,124.76989,2.55000,50,279.397
41,BWD,124.73473,1.98000,50,279.498
41,BWD,124.68545,0.74000,51,279.604
41,BWD,124.61992,0.27000,51,279.699
41,BWD,124.55426,0.16000,51,279.809
41,BWD,124.47749,0.05000,51,279.907
41,BWD,124.37782,0.01000,51,280.001
41,BWD,124.28775,0.01000,51,280.104
41,BWD,124.17159,0.01000,51,280.198
41,BWD,124.05672,0.01000,51,280.309
41,BWD,123.91621,0.01000,51,280.402
41,BWD,123.78413,0.00000,51,280.497
41,BWD,123.64690,-0.00000,51,280.605
41,BWD,123.48199,0.01000,51,280.702
41,BWD,123.33186,0.00000,51,280.799
41,BWD,123.19778,0.01000,51,280.907
41,BWD,123.02831,0.01000,51,281.001
41,BWD,122.87752,0.01000,51,281.107
41,BWD,122.73357,0.01000,51,281.201
41,BWD,122.61325,-0.01000,51,281.304
41,BWD,122.48621,0.02000,51,281.407
41,BWD,122.35485,0.01000,51,281.501
41,BWD,122.25461,0.00000,51,281.607
41,BWD,122.16405,0.01000,51,281.706
41,BWD,122.06773,0.00000,51,281.801
41,BWD,121.99588,0.00000,51,281.896
41,BWD,121.93304,0.00000,51,282.005
41,BWD,121.86411,0.00000,51,282.099
41,BWD,121.82912,-0.00000,51,282.205
41,BWD,121.78802,0.02000,51,282.301
42,FWD,121.77141,-0.01000,51,282.348
42,FWD,121.75432,0.00000,51,282.426
42,FWD,121.74407,0.01000,51,282.505
42,FWD,121.74008,0.02000,51,282.599
42,FWD,121.74343,0.01000,51,282.708
42,FWD,121.75834,-0.01000,51,282.802
42,FWD,121.77853,0.02000,51,282.908
42,FWD,121.81807,0.01000,51,283.006
42,FWD,121.85973,0.02000,51,283.100
42,FWD,121.91022,0.00000,51,283.194
42,FWD,121.97021,-0.00000,51,283.304
42,FWD,122.05220,0.00000,51,283.401
42,FWD,122.13392,0.01000,51,283.499
42,FWD,122.22133,0.02000,51,283.608
42,FWD,122.33758,0.00000,51,283.704
42,FWD,122.43359,0.01000,51,283.773
42,FWD,122.52916,0.01000,51,283.852
42,FWD,122.62158,0.01000,51,283.930
42,FWD,122.73822,0.00000,51,284.008
42,FWD,122.85529,0.00000,51,284.103
42,FWD,122.98333,-0.01000,51,284.199
42,FWD,123.13211,0.00000,51,284.308
42,FWD,123.30750,0.01000,51,284.407
42,FWD,123.43216,0.00000,51,284.509
42,FWD,123.58615,0.00000,51,284.575
42,FWD,123.68433,-0.01000,51,284.644
42,FWD,123.80720,0.01000,51,284.725
42,FWD,123.90973,0.00000,51,284.808
42,FWD,124.03377,0.00000,51,284.908
42,FWD,124.20721,0.01000,51,284.999
42,FWD,124.33207,0.00000,51,285.109
42,FWD,124.48576,0.02000,51,285.208
42,FWD,124.63428,0.86000,51,285.308
42,FWD,124.78460,2.47000,52,285.375
42,BWD,124.80888,3.52000,52,285.708
42,BWD,124.80601,3.51000,52,285.804
42,BWD,124.79405,3.39000,52,285.905
42,BWD,124.76853,2.43000,52,285.999
42,BWD,124.73755,1.87000,52,286.109
42,BWD,124.68963,1.36000,52,286.204
42,BWD,124.63941,0.86000,52,286.297
42,BWD,124.57983,0.15000,52,286.407
42,BWD,124.49926,0.11000,52,286.502
42,BWD,124.42066,0.07000,52,286.596
42,BWD,124.33365,0.00000,52,286.706
42,BWD,124.22035,0.02000,52,286.801
42,BWD,124.11270,0.00000,52,286.896
42,BWD,124.01284,0.01000,52,286.973
42,BWD,123.89581,0.01000,52,287.052
42,BWD,123.78645,0.00000,52,287.130
42,BWD,123.67048,0.01000,52,287.209
42,BWD,123.55246,0.00000,52,287.303
42,BWD,123.41174,0.02000,52,287.397
42,BWD,123.28526,0.01000,52,287.458
42,BWD,123.17930,0.00000,52,287.553
42,BWD,123.03749,0.01000,52,287.648
42,BWD,122.89592,0.02000,52,287.726
42,BWD,122.77990,0.01000,52,287.804
42,BWD,122.68335,-0.01000,52,287.898
42,BWD,122.55619,-0.01000,52,288.008
42,BWD,122.41245,0.01000,52,288.102
42,BWD,122.31254,0.02000,52,288.197
42,BWD,122.21408,0.02000,52,288.307
42,BWD,122.11102,0.01000,52,288.400
42,BWD,122.03397,0.01000,52,288.496
42,BWD,121.96700,0.02000,52,288.572
42,BWD,121.91737,-0.01000,52,288.651
42,BWD,121.87365,0.00000,52,288.729
42,BWD,121.83619,0.01000,52,288.808
42,BWD,121.80721,0.00000,52,288.902
42,BWD,121.77666,0.01000,52,288.996
42,BWD,121.75517,0.01000,52,289.106
42,BWD,121.74199,0.00000,52,289.200
42,BWD,121.74040,0.02000,52,289.295
42,BWD,121.74743,0.02000,52,289.404
42,BWD,121.76682,0.01000,52,289.498
42,BWD,121.78265,0.01000,52,289.607
42,BWD,121.78982,0.01000,52,289.701
43,FWD,121.79000,0.01000,52,289.732
43,FWD,121.79337,0.00000,52,289.811
43,FWD,121.80239,-0.01000,52,289.905
43,FWD,121.82209,0.02000,52,290.000
43,FWD,121.85112,0.01000,52,290.097
43,FWD,121.88783,0.01000,52,290.172
43,FWD,121.92563,0.01000,52,290.250
43,FWD,121.97007,0.00000,52,290.329
43,FWD,122.01413,0.00000,52,290.409
43,FWD,122.07674,-0.00000,52,290.502
43,FWD,122.15336,0.01000,52,290.596
43,FWD,122.23677,0.00000,52,290.707
43,FWD,122.34776,0.01000,52,290.808
43,FWD,122.44585,0.01000,52,290.874
43,FWD,122.52434,0.01000,52,290.965
43,FWD,122.64876,0.02000,52,291.040
43,FWD,122.74599,0.00000,52,291.131
43,FWD,122.87981,0.01000,52,291.263
43,FWD,123.08137,-0.00000,52,291.356
43,FWD,123.22277,-0.01000,52,291.434
43,FWD,123.32278,0.01000,52,291.509
43,FWD,123.45861,0.01000,52,291.605
43,FWD,123.59715,0.02000,52,291.699
43,FWD,123.73779,0.00000,52,291.809
43,FWD,123.91311,0.01000,52,291.903
43,FWD,124.04498,0.01000,52,291.998
43,FWD,124.18259,0.01000,52,292.107
43,FWD,124.34821,0.00000,52,292.200
43,FWD,124.49020,0.05000,52,292.295
43,FWD,124.62804,1.09000,52,292.406
43,FWD,124.79800,3.26000,53,292.500
43,BWD,124.84634,4.35000,53,292.842
43,BWD,124.84228,4.13000,53,292.937
43,BWD,124.82955,3.74000,53,293.046
43,BWD,124.80580,2.79000,53,293.126
43,BWD,124.77545,2.26000,53,293.209
43,BWD,124.74185,1.99000,53,293.304
43,BWD,124.69995,1.41000,54,293.408
43,BWD,124.63121,0.25000,54,293.502
43,BWD,124.56529,0.15000,54,293.596
43,BWD,124.49709,0.06000,54,293.667
43,BWD,124.43545,0.05000,54,293.753
43,BWD,124.35750,0.02000,54,293.832
43,BWD,124.26740,0.01000,54,293.908
43,BWD,124.17957,0.01000,54,294.001
43,BWD,124.06680,0.01000,54,294.096
43,BWD,123.94443,-0.00000,54,294.209
43,BWD,123.78380,0.01000,54,294.304
43,BWD,123.64365,0.00000,54,294.398
43,BWD,123.50209,0.00000,54,294.508
43,BWD,123.33682,0.02000,54,294.603
43,BWD,123.20559,0.00000,54,294.705
43,BWD,123.06078,0.00000,54,294.771
43,BWD,122.96161,0.00000,54,294.838
43,BWD,122.84414,0.01000,54,294.916
43,BWD,122.73085,0.00000,54,294.994
43,BWD,122.62341,0.00000,54,295.104
43,BWD,122.48402,0.01000,54,295.198
43,BWD,122.38730,0.01000,54,295.275
43,BWD,122.28949,0.02000,54,295.370
43,BWD,122.19818,0.02000,54,295.444
43,BWD,122.13343,0.00000,54,295.515
43,BWD,122.06523,-0.00000,54,295.598
43,BWD,122.00610,0.01000,54,295.707
43,BWD,121.93011,-0.01000,54,295.808
43,BWD,121.87338,0.03000,54,295.901
43,BWD,121.83246,0.00000,54,295.975
43,BWD,121.80515,0.00000,54,296.054
43,BWD,121.77932,0.00000,54,296.123
43,BWD,121.76243,0.01000,54,296.207
43,BWD,121.74807,0.01000,54,296.306
43,BWD,121.74047,0.00000,54,296.375
43,BWD,121.74119,-0.01000,54,296.485
43,BWD,121.75080,0.01000,54,296.559
43,BWD,121.76424,0.00000,54,296.627
43,BWD,121.77880,0.00000,54,296.704
43,BWD,121.78666,0.01000,54,296.775
44,FWD,121.78904,0.01000,54,296.818
44,FWD,121.79556,0.01000,54,296.895
44,FWD,121.80951,0.01000,54,296.998
44,FWD,121.83259,-0.01000,54,297.108
44,FWD,121.87129,0.01000,54,297.208
44,FWD,121.91821,0.00000,54,297.297
44,FWD,121.96910,0.01000,54,297.408
44,FWD,122.03877,0.00000,54,297.509
44,FWD,122.12745,0.03000,54,297.608
44,FWD,122.20069,-0.01000,54,297.702
44,FWD,122.29050,0.01000,54,297.808
44,FWD,122.40238,-0.00000,54,297.909
44,FWD,122.53748,-0.01000,54,298.007
44,FWD,122.66201,0.01000,54,298.104
44,FWD,122.78035,0.02000,54,298.206
44,FWD,122.92473,-0.01000,54,298.307
44,FWD,123.07680,0.03000,54,298.395
44,FWD,123.22095,0.00000,54,298.508
44,FWD,123.37553,0.00000,54,298.608
44,FWD,123.53218,0.00000,54,298.707
44,FWD,123.67540,0.01000,54,298.801
44,FWD,123.81982,0.01000,54,298.896
44,FWD,123.97510,0.00000,54,299.007
44,FWD,124.13161,-0.02000,54,299.101
44,FWD,124.27512,0.01000,54,299.196
44,FWD,124.42432,0.06000,54,299.305
44,FWD,124.58715,0.18000,54,299.400
44,FWD,124.71455,2.89000,55,299.479
44,BWD,124.75687,2.73000,55,299.823
44,BWD,124.75327,2.59000,55,299.902
44,BWD,124.74361,2.48000,55,299.996
44,BWD,124.72314,2.14000,55,300.104
44,BWD,124.69028,1.73000,55,300.198
44,BWD,124.65033,0.73000,55,300.309
44,BWD,124.59417,0.32000,55,300.403
44,BWD,124.53603,0.17000,55,300.498
44,BWD,124.46944,0.07000,55,300.606
44,BWD,124.38030,0.05000,55,300.700
44,BWD,124.28957,-0.00000,55,300.795
44,BWD,124.19975,0.01000,55,300.904
44,BWD,124.07384,0.02000,55,300.998
44,BWD,123.95076,0.00000,55,301.107
44,BWD,123.81913,0.00000,55,301.202
44,BWD,123.68599,0.01000,55,301.296
44,BWD,123.54563,0.01000,55,301.406
44,BWD,123.38010,0.02000,55,301.500
44,BWD,123.24609,0.00000,55,301.607
44,BWD,123.09718,0.00000,55,301.739
44,BWD,122.89613,0.01000,55,301.807
44,BWD,122.79781,0.00000,55,301.898
44,BWD,122.65782,0.01000,55,302.007
44,BWD,122.52500,-0.00000,55,302.107
44,BWD,122.39008,0.01000,55,302.203
44,BWD,122.28754,0.00000,55,302.298
44,BWD,122.19414,0.00000,55,302.407
44,BWD,122.10516,-0.01000,55,302.505
44,BWD,122.01706,0.01000,55,302.607
44,BWD,121.94620,0.00000,55,302.702
44,BWD,121.89002,0.00000,55,302.796
44,BWD,121.84283,0.01000,55,302.908
44,BWD,121.79764,-0.00000,55,303.004
44,BWD,121.77023,0.01000,55,303.108
44,BWD,121.74972,0.02000,55,303.204
44,BWD,121.74103,0.01000,55,303.299
44,BWD,121.74097,-0.01000,55,303.394
44,BWD,121.74996,0.01000,55,303.506
44,BWD,121.76874,-0.00000,55,303.608
44,BWD,121.78609,0.02000,55,303.707
45,FWD,121.78886,0.01000,55,303.738
45,FWD,121.79489,0.01000,55,303.803
45,FWD,121.80524,-0.00000,55,303.895
45,FWD,121.82925,0.00000,55,304.007
45,FWD,121.86791,0.01000,55,304.101
45,FWD,121.90678,0.02000,55,304.206
45,FWD,121.96728,0.01000,55,304.300
45,FWD,122.02831,0.01000,55,304.395
45,FWD,122.09731,0.00000,55,304.506
45,FWD,122.19278,0.01000,55,304.601
45,FWD,122.28227,0.01000,55,304.697
45,FWD,122.37883,0.00000,55,304.803
45,FWD,122.50397,0.02000,55,304.898
45,FWD,122.61936,0.00000,55,305.006
45,FWD,122.76698,0.00000,55,305.100
45,FWD,122.90363,0.01000,55,305.195
45,FWD,123.04545,-0.01000,55,305.305
45,FWD,123.21027,0.01000,55,305.399
45,FWD,123.35100,-0.00000,55,305.508
45,FWD,123.51436,0.00000,55,305.596
45,FWD,123.64223,-0.01000,55,305.707
45,FWD,123.81348,0.01000,55,305.801
45,FWD,123.94631,0.00000,55,305.908
45,FWD,124.11600,0.01000,55,306.003
45,FWD,124.25672,0.01000,55,306.097
45,FWD,124.39588,0.00000,55,306.173
45,FWD,124.51422,0.24000,55,306.253
45,FWD,124.63246,0.75000,55,306.339
45,FWD,124.74412,1.83000,56,306.409
45,BWD,124.77316,3.02000,56,306.770
45,BWD,124.76883,2.89000,56,306.851
45,BWD,124.75893,2.95000,56,306.924
45,BWD,124.74265,2.28000,56,307.002
45,BWD,124.72018,1.86000,56,307.097
45,BWD,124.68533,1.39000,56,307.209
45,BWD,124.63139,0.92000,56,307.303
45,BWD,124.57666,0.16000,56,307.398
45,BWD,124.51328,0.10000,56,307.507
45,BWD,124.42781,0.08000,56,307.602
45,BWD,124.35066,0.04000,56,307.706
45,BWD,124.24330,0.02000,56,307.800
45,BWD,124.15032,-0.01000,56,307.894
45,BWD,124.03868,-0.00000,56,308.004
45,BWD,123.89122,-0.00000,56,308.099
45,BWD,123.76431,-0.01000,56,308.209
45,BWD,123.59747,0.01000,56,308.307
45,BWD,123.45211,0.01000,56,308.402
45,BWD,123.31199,-0.01000,56,308.497
45,BWD,123.16877,0.01000,56,308.606
45,BWD,123.00455,-0.00000,56,308.700
45,BWD,122.87019,0.03000,56,308.808
45,BWD,122.71848,0.01000,56,308.907
45,BWD,122.58774,0.02000,56,309.001
45,BWD,122.46822,0.00000,56,309.098
45,BWD,122.35030,0.00000,56,309.204
45,BWD,122.24428,0.01000,56,309.308
45,BWD,122.14709,-0.01000,56,309.410
45,BWD,122.05288,0.00000,56,309.504
45,BWD,121.98766,0.02000,56,309.607
45,BWD,121.92146,0.01000,56,309.674
45,BWD,121.88340,0.00000,56,309.757
45,BWD,121.84242,0.00000,56,309.824
45,BWD,121.81008,0.01000,56,309.919
45,BWD,121.77930,0.00000,56,310.013
45,BWD,121.75729,0.00000,56,310.108
45,BWD,121.74501,0.01000,56,310.208
45,BWD,121.74001,0.01000,56,310.303
45,BWD,121.74404,-0.01000,56,310.403
45,BWD,121.75852,-0.00000,56,310.474
45,BWD,121.77494,0.06000,56,310.571
45,BWD,121.78691,0.01000,56,310.666
46,FWD,121.78967,0.01000,56,310.714
46,FWD,121.79566,0.01000,56,310.807
46,FWD,121.81145,-0.00000,56,310.904
46,FWD,121.83334,0.01000,56,311.005
46,FWD,121.87309,-0.00000,56,311.108
46,FWD,121.91930,-0.01000,56,311.207
46,FWD,121.97587,0.01000,56,311.303
46,FWD,122.03172,0.02000,56,311.408
46,FWD,122.12007,0.00000,56,311.508
46,FWD,122.20688,0.00000,56,311.604
46,FWD,122.29453,0.01000,56,311.698
46,FWD,122.39321,0.01000,56,311.808
46,FWD,122.52956,-0.00000,56,311.903
46,FWD,122.62924,0.01000,56,312.008
46,FWD,122.76566,0.03000,56,312.106
46,FWD,122.90590,0.00000,56,312.203
46,FWD,123.07018,-0.01000,56,312.297
46,FWD,123.19353,0.01000,56,312.407
46,FWD,123.38082,0.00000,56,312.505
46,FWD,123.50928,0.02000,56,312.609
46,FWD,123.67837,-0.00000,56,312.703
46,FWD,123.81973,0.01000,56,312.809
46,FWD,123.98127,0.00000,56,312.908
46,FWD,124.11002,-0.01000,56,313.006
46,FWD,124.25611,0.01000,56,313.095
46,FWD,124.40448,0.04000,56,313.207
46,FWD,124.57583,0.13000,56,313.302
46,FWD,124.70230,0.44000,57,313.407
46,BWD,124.78316,3.25000,57,313.753
46,BWD,124.77966,3.19000,57,313.825
46,BWD,124.77175,3.08000,57,313.908
46,BWD,124.75293,2.73000,57,314.004
46,BWD,124.72736,2.28000,57,314.110
46,BWD,124.68346,1.14000,58,314.203
46,BWD,124.63712,0.69000,58,314.297
46,BWD,124.58863,0.28000,58,314.375
46,BWD,124.53735,0.16000,58,314.457
46,BWD,124.46667,0.06000,58,314.552
46,BWD,124.38686,0.02000,58,314.647
46,BWD,124.29854,0.00000,58,314.726
46,BWD,124.21537,0.00000,58,314.808
46,BWD,124.14016,0.01000,58,314.907
46,BWD,124.00893,0.01000,58,315.001
46,BWD,123.88668,0.00000,58,315.097
46,BWD,123.75517,0.01000,58,315.206
46,BWD,123.59292,0.00000,58,315.308
46,BWD,123.45805,0.01000,58,315.405
46,BWD,123.31194,-0.00000,58,315.503
46,BWD,123.14731,0.01000,58,315.597
46,BWD,123.00967,-0.02000,58,315.707
46,BWD,122.84072,0.00000,58,315.802
46,BWD,122.70528,0.00000,58,315.896
46,BWD,122.58011,0.02000,58,315.973
46,BWD,122.49564,-0.01000,58,316.052
46,BWD,122.38814,0.00000,58,316.134
46,BWD,122.30459,0.00000,58,316.208
46,BWD,122.22472,0.00000,58,316.302
46,BWD,122.13602,0.00000,58,316.395
46,BWD,122.05637,0.01000,58,316.508
46,BWD,121.97391,-0.01000,58,316.601
46,BWD,121.91400,0.00000,58,316.695
46,BWD,121.86277,0.00000,58,316.806
46,BWD,121.81438,0.01000,58,316.900
46,BWD,121.78248,-0.00000,58,316.994
46,BWD,121.76132,0.01000,58,317.103
46,BWD,121.74393,-0.00000,58,317.197
46,BWD,121.74000,0.00000,58,317.307
46,BWD,121.74620,-0.00000,58,317.401
46,BWD,121.76113,0.02000,58,317.495
46,BWD,121.77909,0.00000,58,317.605
46,BWD,121.78875,0.00000,58,317.699
47,FWD,121.79000,0.00000,58,317.730
47,FWD,121.79401,0.01000,58,317.809
47,FWD,121.80410,-0.00000,58,317.903
47,FWD,121.82262,-0.01000,58,317.998
47,FWD,121.85157,0.00000,58,318.106
47,FWD,121.89846,0.01000,58,318.201
47,FWD,121.94678,-0.01000,58,318.295
47,FWD,122.00410,-0.01000,58,318.405
47,FWD,122.08195,0.00000,58,318.499
47,FWD,122.14781,0.01000,58,318.594
47,FWD,122.24487,0.00000,58,318.704
47,FWD,122.34655,0.00000,58,318.799
47,FWD,122.45132,0.01000,58,318.893
47,FWD,122.57363,0.01000,58,319.003
47,FWD,122.71166,-0.01000,58,319.097
47,FWD,122.84557,0.01000,58,319.204
47,FWD,123.00848,0.00000,58,319.297
47,FWD,123.15047,0.00000,58,319.408
47,FWD,123.30122,0.01000,58,319.502
47,FWD,123.45647,0.02000,58,319.596
47,FWD,123.59807,-0.00000,58,319.706
47,FWD,123.75777,-0.01000,58,319.800
47,FWD,123.90353,0.01000,58,319.894
47,FWD,124.04444,0.01000,58,320.004
47,FWD,124.20979,0.00000,58,320.098
47,FWD,124.35069,0.02000,58,320.207
47,FWD,124.51440,0.12000,58,320.301
47,FWD,124.64558,0.45000,58,320.401
47,FWD,124.80578,2.22000,59,320.507
47,BWD,124.87021,4.83000,59,320.867
47,BWD,124.86642,4.53000,59,320.941
47,BWD,124.85605,4.33000,59,321.023
47,BWD,124.84209,4.06000,59,321.101
47,BWD,124.81732,3.58000,59,321.195
47,BWD,124.78233,2.11000,59,321.304
47,BWD,124.72705,1.48000,59,321.399
47,BWD,124.67596,0.89000,59,321.493
47,BWD,124.61340,0.26000,59,321.602
47,BWD,124.52922,0.08000,59,321.696
47,BWD,124.44695,0.05000,59,321.806
47,BWD,124.33900,0.01000,59,321.900
47,BWD,124.23788,0.00000,59,321.995
47,BWD,124.12710,0.01000,59,322.105
47,BWD,123.98744,0.02000,59,322.199
47,BWD,123.85777,-0.01000,59,322.294
47,BWD,123.71938,0.01000,59,322.402
47,BWD,123.55508,-0.00000,59,322.497
47,BWD,123.41692,0.01000,59,322.607
47,BWD,123.24754,0.00000,59,322.702
47,BWD,123.10496,-0.01000,59,322.796
47,BWD,122.96616,0.00000,59,322.905
47,BWD,122.80203,0.01000,59,322.999
47,BWD,122.68502,0.01000,59,323.076
47,BWD,122.56763,-0.01000,59,323.170
47,BWD,122.45008,0.01000,59,323.265
47,BWD,122.34289,0.00000,59,323.358
47,BWD,122.25574,0.00000,59,323.437
47,BWD,122.16831,0.02000,59,323.516
47,BWD,122.09848,0.01000,59,323.595
47,BWD,122.03525,0.02000,59,323.704
47,BWD,121.95666,0.00000,59,323.799
47,BWD,121.89920,-0.00000,59,323.908
47,BWD,121.84365,0.01000,59,324.002
47,BWD,121.80525,0.01000,59,324.096
47,BWD,121.77864,0.00000,59,324.175
47,BWD,121.75745,-0.01000,59,324.259
47,BWD,121.74675,-0.00000,59,324.325
47,BWD,121.74057,0.01000,59,324.410
47,BWD,121.74089,0.02000,59,324.504
47,BWD,121.74926,-0.00000,59,324.597
47,BWD,121.76650,0.01000,59,324.708
47,BWD,121.78291,-0.01000,59,324.808
47,BWD,121.78999,0.01000,59,324.893
48,FWD,121.79006,0.02000,59,324.924
48,FWD,121.79308,-0.01000,59,325.009
48,FWD,121.80377,0.00000,59,325.096
48,FWD,121.82310,-0.00000,59,325.202
48,FWD,121.85731,-0.00000,59,325.296
48,FWD,121.89635,-0.00000,59,325.406
48,FWD,121.95303,-0.02000,59,325.506
48,FWD,122.01496,0.01000,59,325.600
48,FWD,122.08263,0.00000,59,325.698
48,FWD,122.15936,0.02000,59,325.804
48,FWD,122.24922,0.02000,59,325.902
48,FWD,122.35950,-0.01000,59,325.996
48,FWD,122.45602,0.02000,59,326.094
48,FWD,122.57925,0.01000,59,326.175
48,FWD,122.68909,-0.01000,59,326.259
48,FWD,122.83347,0.01000,59,326.370
48,FWD,122.95338,0.00000,59,326.440
48,FWD,123.07058,0.01000,59,326.518
48,FWD,123.17747,0.00000,59,326.605
48,FWD,123.31923,0.01000,59,326.699
48,FWD,123.46098,-0.00000,59,326.804
48,FWD,123.60420,-0.00000,59,326.908
48,FWD,123.75565,0.00000,59,327.008
48,FWD,123.90549,0.02000,59,327.107
48,FWD,124.05486,0.01000,59,327.208
48,FWD,124.20504,0.01000,59,327.308
48,FWD,124.35519,0.01000,59,327.392
48,FWD,124.48203,0.12000,59,327.458
48,FWD,124.58041,0.43000,59,327.524
48,FWD,124.68027,0.29000,59,327.598
48,FWD,124.80298,4.81000,60,327.704
48,BWD,124.87416,4.79000,60,328.048
48,BWD,124.87109,4.51000,60,328.128
48,BWD,124.86188,4.16000,60,328.220
48,BWD,124.84270,4.15000,60,328.298
48,BWD,124.82359,2.83000,60,328.393
48,BWD,124.78407,2.20000,60,328.503
48,BWD,124.73609,1.53000,60,328.596
48,BWD,124.68076,0.93000,61,328.705
48,BWD,124.60505,0.14000,61,328.800
48,BWD,124.52991,0.08000,61,328.895
48,BWD,124.44594,0.06000,61,329.004
48,BWD,124.33769,0.00000,61,329.099
48,BWD,124.23566,0.02000,61,329.208
48,BWD,124.11879,0.00000,61,329.302
48,BWD,123.99635,-0.00000,61,329.397
48,BWD,123.85440,0.01000,61,329.507
48,BWD,123.69989,0.01000,61,329.601
48,BWD,123.55569,0.02000,61,329.696
48,BWD,123.41156,-0.00000,61,329.804
48,BWD,123.24647,-0.00000,61,329.898
48,BWD,123.10418,0.01000,61,329.993
48,BWD,122.96196,-0.00000,61,330.103
48,BWD,122.79764,0.01000,61,330.198
48,BWD,122.66326,-0.01000,61,330.305
48,BWD,122.52420,-0.00000,61,330.400
48,BWD,122.40926,0.01000,61,330.495
48,BWD,122.29756,0.01000,61,330.604
48,BWD,122.19504,0.00000,61,330.699
48,BWD,122.10461,0.01000,61,330.809
48,BWD,122.02060,0.01000,61,330.904
48,BWD,121.95428,0.00000,61,330.998
48,BWD,121.89703,-0.01000,61,331.108
48,BWD,121.84135,-0.01000,61,331.202
48,BWD,121.80323,0.02000,61,331.299
48,BWD,121.77515,0.00000,61,331.403
48,BWD,121.75078,0.00000,61,331.498
48,BWD,121.74106,0.03000,61,331.607
48,BWD,121.74097,-0.00000,61,331.701
48,BWD,121.74966,0.01000,61,331.797
48,BWD,121.76698,0.01000,61,331.905
48,BWD,121.78453,0.01000,61,332.000
48,BWD,121.78994,0.01000,61,332.094
49,FWD,121.79000,-0.00000,61,332.125
49,FWD,121.79307,0.01000,61,332.220
49,FWD,121.80511,-0.00000,61,332.314
49,FWD,121.82561,0.01000,61,332.407
49,FWD,121.85529,-0.00000,61,332.501
49,FWD,121.89397,-0.00000,61,332.596
49,FWD,121.94151,-0.01000,61,332.706
49,FWD,122.00003,0.02000,61,332.795
49,FWD,122.07258,0.00000,61,332.892
49,FWD,122.14874,0.00000,61,332.996
49,FWD,122.22987,0.01000,61,333.056
49,FWD,122.29083,-0.00000,61,333.125
49,FWD,122.37514,0.01000,61,333.208
49,FWD,122.45197,0.01000,61,333.293
49,FWD,122.57028,-0.00000,61,333.397
49,FWD,122.70689,-0.00000,61,333.507
49,FWD,122.84048,0.01000,61,333.566
49,FWD,122.92885,0.01000,61,333.631
49,FWD,123.04733,0.01000,61,333.707
49,FWD,123.13889,0.00000,61,333.808
49,FWD,123.28962,0.00000,61,333.908
49,FWD,123.43983,0.01000,61,334.008
49,FWD,123.61363,0.01000,61,334.108
49,FWD,123.74609,-0.01000,61,334.207
49,FWD,123.91029,0.01000,61,334.308
49,FWD,124.03959,0.00000,61,334.394
49,FWD,124.24771,0.00000,61,334.526
49,FWD,124.38620,0.01000,61,334.602
49,FWD,124.48684,0.06000,61,334.703
49,FWD,124.65118,0.18000,61,334.798
49,FWD,124.78789,3.77000,62,334.907
49,BWD,124.86359,4.54000,62,335.257
49,BWD,124.85917,4.28000,62,335.342
49,BWD,124.84731,3.94000,62,335.437
49,BWD,124.82851,3.69000,62,335.508
49,BWD,124.80342,2.81000,62,335.604
49,BWD,124.77058,2.17000,62,335.693
49,BWD,124.72472,1.54000,62,335.806
49,BWD,124.65681,0.30000,62,335.893
49,BWD,124.59717,0.15000,62,335.972
49,BWD,124.53715,0.11000,62,336.050
49,BWD,124.47057,0.04000,62,336.128
49,BWD,124.39787,-0.02000,62,336.207
49,BWD,124.32430,0.01000,62,336.293
49,BWD,124.22506,0.00000,62,336.372
49,BWD,124.13378,-0.01000,62,336.450
49,BWD,124.04129,-0.01000,62,336.524
49,BWD,123.95213,0.01000,62,336.593
49,BWD,123.83832,0.01000,62,336.695
49,BWD,123.68667,0.01000,62,336.794
49,BWD,123.55037,0.00000,62,336.861
49,BWD,123.45578,-0.01000,62,336.926
49,BWD,123.34383,0.02000,62,337.004
49,BWD,123.24342,0.01000,62,337.093
49,BWD,123.09578,0.02000,62,337.170
49,BWD,122.97858,0.00000,62,337.249
49,BWD,122.87573,0.00000,62,337.329
49,BWD,122.74521,-0.01000,62,337.409
49,BWD,122.64944,0.00000,62,337.499
49,BWD,122.52344,0.02000,62,337.608
49,BWD,122.40018,0.01000,62,337.693
49,BWD,122.30422,0.02000,62,337.759
49,BWD,122.22361,0.01000,62,337.833
49,BWD,122.16137,0.01000,62,337.905
49,BWD,122.10178,0.01000,62,337.993
49,BWD,122.03181,0.02000,62,338.059
49,BWD,121.98342,0.00000,62,338.126
49,BWD,121.93963,0.02000,62,338.208
49,BWD,121.88375,-0.01000,62,338.303
49,BWD,121.84160,-0.00000,62,338.398
49,BWD,121.80288,0.00000,62,338.493
49,BWD,121.77343,-0.00000,62,338.602
49,BWD,121.75174,-0.00000,62,338.706
49,BWD,121.74133,0.01000,62,338.800
49,BWD,121.74082,0.01000,62,338.895
49,BWD,121.75040,0.02000,62,338.992
49,BWD,121.76953,-0.01000,62,339.105
49,BWD,121.78467,0.00000,62,339.204
49,BWD,121.79000,0.01000,62,339.293
50,FWD,121.79000,0.00000,62,339.324
50,FWD,121.79362,-0.01000,62,339.403
50,FWD,121.80217,0.00000,62,339.506
50,FWD,121.82539,0.01000,62,339.592
50,FWD,121.85254,-0.00000,62,339.703
50,FWD,121.89374,0.01000,62,339.805
50,FWD,121.94534,0.01000,62,339.907
50,FWD,122.00489,0.02000,62,340.006
50,FWD,122.08033,0.00000,62,340.093
50,FWD,122.15493,0.00000,62,340.205
50,FWD,122.25667,0.00000,62,340.300
50,FWD,122.35247,0.02000,62,340.407
50,FWD,122.45738,-0.01000,62,340.505
50,FWD,122.59008,-0.00000,62,340.599
50,FWD,122.71362,0.00000,62,340.694
50,FWD,122.82883,0.01000,62,340.759
50,FWD,122.94855,-0.00000,62,340.840
50,FWD,123.04838,0.02000,62,340.909
50,FWD,123.17181,0.01000,62,340.992
50,FWD,123.27488,0.01000,62,341.062
50,FWD,123.38156,0.01000,62,341.124
50,FWD,123.47305,0.01000,62,341.206
50,FWD,123.60233,0.01000,62,341.308
50,FWD,123.74902,0.00000,62,341.393
50,FWD,123.89820,-0.00000,62,341.494
50,FWD,124.04739,-0.00000,62,341.593
50,FWD,124.19746,0.00000,62,341.694
50,FWD,124.34629,0.00000,62,341.807
50,FWD,124.49712,0.04000,62,341.892
50,FWD,124.64163,1.07000,62,341.992
50,FWD,124.77493,2.57000,63,342.058
50,BWD,124.79928,3.43000,63,342.407
50,BWD,124.79250,3.25000,63,342.512
50,BWD,124.77875,3.18000,63,342.639
50,BWD,124.74833,2.44000,63,342.708
50,BWD,124.71861,1.71000,63,342.807
50,BWD,124.68084,1.18000,63,342.892
50,BWD,124.62981,0.67000,63,342.995
50,BWD,124.57007,0.16000,63,343.067
50,BWD,124.51042,0.11000,63,343.147
50,BWD,124.45456,0.04000,63,343.224
50,BWD,124.39137,0.06000,63,343.294
50,BWD,124.31284,0.02000,63,343.398
50,BWD,124.21084,0.00000,63,343.492
50,BWD,124.09724,0.00000,63,343.595
50,BWD,123.98539,-0.02000,63,343.692
50,BWD,123.85989,0.00000,63,343.772
50,BWD,123.74596,0.01000,63,343.842
50,BWD,123.64090,0.01000,63,343.926
50,BWD,123.51587,-0.00000,63,343.994
50,BWD,123.41427,0.00000,63,344.062
50,BWD,123.31358,0.00000,63,344.134
50,BWD,123.20473,0.00000,63,344.195
50,BWD,123.09283,-0.00000,63,344.293
50,BWD,122.96508,0.02000,63,344.360
50,BWD,122.86531,0.00000,63,344.426
50,BWD,122.76881,0.01000,63,344.494
50,BWD,122.67361,-0.00000,63,344.561
50,BWD,122.58469,0.01000,63,344.627
50,BWD,122.50055,0.00000,63,344.694
50,BWD,122.41271,-0.00000,63,344.794
50,BWD,122.30923,0.01000,63,344.860
50,BWD,122.24054,0.01000,63,344.930
50,BWD,122.17347,-0.01000,63,344.996
50,BWD,122.10226,0.02000,63,345.096
50,BWD,122.03065,0.00000,63,345.193
50,BWD,121.95434,0.00000,63,345.296
50,BWD,121.89987,-0.00000,63,345.361
50,BWD,121.85910,0.01000,63,345.446
50,BWD,121.82555,0.02000,63,345.514
50,BWD,121.79967,0.02000,63,345.595
50,BWD,121.77194,-0.00000,63,345.693
50,BWD,121.75393,0.01000,63,345.761
50,BWD,121.74392,0.01000,63,345.846
50,BWD,121.74001,0.00000,63,345.927
50,BWD,121.74281,0.00000,63,346.007
50,BWD,121.75174,0.00000,63,346.101
50,BWD,121.77022,0.01000,63,346.195
50,BWD,121.78442,0.01000,63,346.305
50,BWD,121.78997,0.00000,63,346.395
51,FWD,121.79000,-0.01000,63,346.416
51,FWD,121.79221,0.01000,63,346.494
51,FWD,121.80072,0.01000,63,346.562
51,FWD,121.81551,0.02000,63,346.640
51,FWD,121.83678,-0.00000,63,346.722
51,FWD,121.86385,-0.00000,63,346.800
51,FWD,121.89708,-0.01000,63,346.894
51,FWD,121.94514,0.00000,63,347.004
51,FWD,122.00565,0.02000,63,347.092
51,FWD,122.07115,-0.00000,63,347.206
51,FWD,122.16772,0.01000,63,347.301
51,FWD,122.25385,0.00000,63,347.395
51,FWD,122.34923,-0.00000,63,347.497
51,FWD,122.45102,0.01000,63,347.606
51,FWD,122.58328,0.01000,63,347.692
51,FWD,122.69078,-0.00000,63,347.772
51,FWD,122.80482,0.00000,63,347.841
51,FWD,122.90367,-0.01000,63,347.908
51,FWD,123.02354,0.00000,63,347.996
51,FWD,123.15102,-0.00000,63,348.092
51,FWD,123.30057,0.01000,63,348.192
51,FWD,123.42986,0.00000,63,348.258
51,FWD,123.54559,0.02000,63,348.344
51,FWD,123.65697,0.01000,63,348.425
51,FWD,123.78066,0.01000,63,348.507
51,FWD,123.90126,0.01000,63,348.605
51,FWD,124.05602,0.00000,63,348.693
51,FWD,124.18150,-0.01000,63,348.760
51,FWD,124.29949,0.00000,63,348.839
51,FWD,124.39883,0.02000,63,348.907
51,FWD,124.50027,0.05000,63,348.998
51,FWD,124.65201,1.41000,63,349.092
51,FWD,124.79965,3.65000,64,349.207
51,BWD,124.87527,4.88000,64,349.559
51,BWD,124.87238,4.54000,64,349.643
51,BWD,124.86247,4.14000,64,349.713
51,BWD,124.84686,3.72000,64,349.794
51,BWD,124.82281,3.16000,64,349.902
51,BWD,124.78554,2.52000,64,349.992
51,BWD,124.74603,1.13000,64,350.072
51,BWD,124.69759,0.76000,64,350.141
51,BWD,124.65311,0.28000,64,350.215
51,BWD,124.60626,0.18000,64,350.305
51,BWD,124.53672,0.09000,64,350.394
51,BWD,124.45916,0.01000,64,350.462
51,BWD,124.39527,0.01000,64,350.526
51,BWD,124.33141,0.01000,64,350.593
51,BWD,124.25876,0.00000,64,350.659
51,BWD,124.18421,-0.01000,64,350.723
51,BWD,124.10745,-0.01000,64,350.794
51,BWD,124.01632,0.01000,64,350.864
51,BWD,123.92042,0.00000,64,350.925
51,BWD,123.83211,-0.01000,64,350.992
51,BWD,123.73717,-0.01000,64,351.057
51,BWD,123.61699,0.01000,64,351.142
51,BWD,123.49419,0.00000,64,351.221
51,BWD,123.38847,0.01000,64,351.308
51,BWD,123.26328,0.01000,64,351.392
51,BWD,123.13591,-0.01000,64,351.456
51,BWD,123.03970,0.01000,64,351.526
51,BWD,122.91541,0.02000,64,351.607
51,BWD,122.81442,0.02000,64,351.693
51,BWD,122.67261,0.03000,64,351.806
51,BWD,122.54109,-0.01000,64,351.892
51,BWD,122.42108,0.02000,64,352.006
51,BWD,122.30804,0.00000,64,352.099
51,BWD,122.21412,0.02000,64,352.158
51,BWD,122.15900,-0.01000,64,352.222
51,BWD,122.10056,0.01000,64,352.306
51,BWD,122.03345,-0.00000,64,352.406
51,BWD,121.96205,0.01000,64,352.505
51,BWD,121.90047,-0.00000,64,352.592
51,BWD,121.85614,0.01000,64,352.658
51,BWD,121.82641,0.02000,64,352.724
51,BWD,121.79668,0.00000,64,352.804
51,BWD,121.77566,0.01000,64,352.904
51,BWD,121.75227,0.00000,64,352.999
51,BWD,121.74192,-0.01000,64,353.093
51,BWD,121.74038,0.02000,64,353.192
51,BWD,121.74648,-0.00000,64,353.275
51,BWD,121.75939,0.00000,64,353.341
51,BWD,121.77480,-0.00000,64,353.422
51,BWD,121.78571,0.01000,64,353.515
52,FWD,121.78899,-0.00000,64,353.561
52,FWD,121.79754,0.01000,64,353.656
52,FWD,121.81506,0.00000,64,353.750
52,FWD,121.84145,0.01000,64,353.829
52,FWD,121.87051,0.01000,64,353.908
52,FWD,121.89993,0.00000,64,353.992
52,FWD,121.94281,0.00000,64,354.059
52,FWD,121.99039,0.00000,64,354.140
52,FWD,122.03693,0.01000,64,354.204
52,FWD,122.08612,0.01000,64,354.292
52,FWD,122.15443,0.01000,64,354.362
52,FWD,122.21844,0.01000,64,354.428
52,FWD,122.28042,0.01000,64,354.492
52,FWD,122.34573,0.01000,64,354.556
52,FWD,122.41770,0.00000,64,354.624
52,FWD,122.49498,-0.00000,64,354.707
52,FWD,122.59751,0.01000,64,354.806
52,FWD,122.74467,0.01000,64,354.901
52,FWD,122.87907,0.02000,64,354.995
52,FWD,123.01975,0.01000,64,355.105
52,FWD,123.18562,0.01000,64,355.199
52,FWD,123.32188,-0.01000,64,355.292
52,FWD,123.44703,0.03000,64,355.359
52,FWD,123.57045,0.02000,64,355.441
52,FWD,123.67169,0.01000,64,355.507
52,FWD,123.77145,0.00000,64,355.591
52,FWD,123.89677,0.00000,64,355.657
52,FWD,123.99612,-0.00000,64,355.723
52,FWD,124.10904,-0.01000,64,355.808
52,FWD,124.22199,0.00000,64,355.900
52,FWD,124.36121,0.00000,64,355.960
52,FWD,124.46114,0.05000,64,356.025
52,FWD,124.55173,0.07000,64,356.092
52,FWD,124.67012,1.81000,64,356.192
52,FWD,124.81990,4.22000,65,356.297
52,BWD,124.87952,4.82000,65,356.654
52,BWD,124.87681,4.66000,65,356.726
52,BWD,124.86873,4.60000,65,356.795
52,BWD,124.85461,4.05000,65,356.893
52,BWD,124.83119,3.20000,65,356.958
52,BWD,124.80848,2.54000,65,357.025
52,BWD,124.78046,1.82000,65,357.111
52,BWD,124.73362,1.60000,65,357.209
52,BWD,124.68279,0.47000,65,357.309
52,BWD,124.60668,0.15000,65,357.392
52,BWD,124.55079,0.09000,65,357.492
52,BWD,124.46510,0.04000,65,357.574
52,BWD,124.37022,0.02000,65,357.658
52,BWD,124.28268,0.01000,65,357.739
52,BWD,124.20758,-0.00000,65,357.800
52,BWD,124.13213,-0.00000,65,357.894
52,BWD,124.01334,0.01000,65,357.959
52,BWD,123.91091,0.02000,65,358.040
52,BWD,123.79242,-0.00000,65,358.124
52,BWD,123.69083,-0.02000,65,358.192
52,BWD,123.58942,-0.02000,65,358.294
52,BWD,123.43253,-0.01000,65,358.365
52,BWD,123.31615,0.01000,65,358.441
52,BWD,123.21542,0.02000,65,358.508
52,BWD,123.11535,0.01000,65,358.592
52,BWD,122.98396,0.01000,65,358.692
52,BWD,122.82021,0.01000,65,358.803
52,BWD,122.68122,-0.00000,65,358.898
52,BWD,122.54273,-0.00000,65,359.008
52,BWD,122.41892,-0.00000,65,359.103
52,BWD,122.31201,-0.00000,65,359.208
52,BWD,122.19839,0.00000,65,359.302
52,BWD,122.10976,0.01000,65,359.396
52,BWD,122.03397,-0.00000,65,359.496
52,BWD,121.96349,0.01000,65,359.604
52,BWD,121.89600,0.00000,65,359.699
52,BWD,121.84770,-0.00000,65,359.794
52,BWD,121.80834,0.00000,65,359.903
52,BWD,121.77381,0.01000,65,359.998
52,BWD,121.75366,0.00000,65,360.106
52,BWD,121.74164,0.01000,65,360.200
52,BWD,121.74052,0.01000,65,360.294
52,BWD,121.74886,0.01000,65,360.404
52,BWD,121.76783,-0.00000,65,360.499
52,BWD,121.78178,0.00000,65,360.591
52,BWD,121.78976,0.00000,65,360.671
53,FWD,121.79000,0.01000,65,360.703
53,FWD,121.79419,-0.00000,65,360.798
53,FWD,121.80707,-0.01000,65,360.893
53,FWD,121.82890,0.01000,65,361.002
53,FWD,121.86784,-0.00000,65,361.094
53,FWD,121.90561,0.01000,65,361.204
53,FWD,121.96790,0.01000,65,361.298
53,FWD,122.03336,0.01000,65,361.394
53,FWD,122.09531,0.01000,65,361.505
53,FWD,122.18211,0.00000,65,361.592
53,FWD,122.26977,-0.00000,65,361.703
53,FWD,122.38380,0.01000,65,361.793
53,FWD,122.48779,0.01000,65,361.904
53,FWD,122.62344,0.00000,65,361.999
53,FWD,122.74963,-0.00000,65,362.096
53,FWD,122.88905,0.02000,65,362.205
53,FWD,123.05354,0.02000,65,362.300
53,FWD,123.18951,-0.01000,65,362.393
53,FWD,123.32230,-0.00000,65,362.492
53,FWD,123.48385,0.01000,65,362.602
53,FWD,123.63788,0.00000,65,362.705
53,FWD,123.78652,0.01000,65,362.804
53,FWD,123.95152,-0.01000,65,362.899
53,FWD,124.09252,-0.01000,65,362.993
53,FWD,124.23389,-0.00000,65,363.103
53,FWD,124.38915,0.00000,65,363.208
53,FWD,124.56229,0.04000,65,363.306
53,FWD,124.68915,1.54000,66,363.392
53,BWD,124.73933,2.31000,66,363.724
53,BWD,124.73626,2.28000,66,363.810
53,BWD,124.72422,2.22000,66,363.904
53,BWD,124.70522,1.94000,66,364.001
53,BWD,124.67438,1.01000,66,364.106
53,BWD,124.62885,0.65000,66,364.200
53,BWD,124.57984,0.27000,66,364.294
53,BWD,124.52201,0.09000,66,364.405
53,BWD,124.44377,0.06000,66,364.499
53,BWD,124.36884,0.04000,66,364.593
53,BWD,124.28046,0.00000,66,364.704
53,BWD,124.16924,0.00000,66,364.798
53,BWD,124.06348,-0.00000,66,364.893
53,BWD,123.94919,0.01000,66,364.971
53,BWD,123.86256,0.01000,66,365.043
53,BWD,123.74180,0.00000,66,365.142
53,BWD,123.62307,0.02000,66,365.208
53,BWD,123.52399,0.02000,66,365.292
53,BWD,123.39666,-0.00000,66,365.374
53,BWD,123.27361,-0.00000,66,365.441
53,BWD,123.17335,0.01000,66,365.508
53,BWD,123.07330,0.00000,66,365.591
53,BWD,122.94839,0.00000,66,365.657
53,BWD,122.84877,0.00000,66,365.742
53,BWD,122.72671,0.00000,66,365.809
53,BWD,122.61618,0.01000,66,365.892
53,BWD,122.52692,0.00000,66,365.960
53,BWD,122.42910,0.00000,66,366.041
53,BWD,122.35169,0.01000,66,366.125
53,BWD,122.26280,0.01000,66,366.192
53,BWD,122.19440,0.00000,66,366.260
53,BWD,122.13268,0.01000,66,366.324
53,BWD,122.07562,0.00000,66,366.394
53,BWD,122.02139,0.01000,66,366.492
53,BWD,121.94883,0.01000,66,366.567
53,BWD,121.90726,0.00000,66,366.648
53,BWD,121.86006,0.00000,66,366.727
53,BWD,121.82767,-0.01000,66,366.800
53,BWD,121.79795,-0.00000,66,366.904
53,BWD,121.76960,0.00000,66,366.993
53,BWD,121.75182,0.01000,66,367.060
53,BWD,121.74316,-0.01000,66,367.137
53,BWD,121.74002,0.01000,66,367.210
53,BWD,121.74260,0.00000,66,367.317
53,BWD,121.75475,0.02000,66,367.412
53,BWD,121.77473,0.00000,66,367.492
53,BWD,121.78436,0.00000,66,367.559
53,BWD,121.78917,-0.00000,66,367.624
54,FWD,121.78993,-0.01000,66,367.647
54,FWD,121.79342,0.00000,66,367.710
54,FWD,121.80078,0.01000,66,367.805
54,FWD,121.82018,0.00000,66,367.905
54,FWD,121.84899,0.01000,66,368.003
54,FWD,121.88955,-0.01000,66,368.108
54,FWD,121.93921,0.01000,66,368.191
54,FWD,121.98837,0.01000,66,368.257
54,FWD,122.03219,-0.01000,66,368.324
54,FWD,122.08150,0.02000,66,368.392
54,FWD,122.14752,-0.00000,66,368.491
54,FWD,122.22555,-0.00000,66,368.558
54,FWD,122.30218,0.01000,66,368.640
54,FWD,122.37365,0.00000,66,368.709
54,FWD,122.44915,0.00000,66,368.792
54,FWD,122.55785,0.01000,66,368.870
54,FWD,122.64931,0.00000,66,368.942
54,FWD,122.76385,0.00000,66,369.023
54,FWD,122.86136,0.03000,66,369.093
54,FWD,122.98377,0.01000,66,369.192
54,FWD,123.11333,0.00000,66,369.264
54,FWD,123.23601,0.03000,66,369.359
54,FWD,123.36379,-0.01000,66,369.427
54,FWD,123.46445,0.00000,66,369.492
54,FWD,123.56314,0.01000,66,369.550
54,FWD,123.64809,0.01000,66,369.616
54,FWD,123.74940,0.00000,66,369.692
54,FWD,123.86097,0.00000,66,369.759
54,FWD,123.96240,0.00000,66,369.822
54,FWD,124.05584,0.01000,66,369.892
54,FWD,124.16177,-0.00000,66,369.959
54,FWD,124.26148,0.01000,66,370.032
54,FWD,124.38320,0.00000,66,370.108
54,FWD,124.48911,0.11000,66,370.191
54,FWD,124.60995,0.31000,66,370.252
54,FWD,124.70051,1.78000,66,370.316
54,FWD,124.80719,1.81000,67,370.392
54,BWD,124.83687,4.16000,67,370.725
54,BWD,124.83396,4.03000,67,370.803
54,BWD,124.82426,3.75000,67,370.893
54,BWD,124.80473,3.30000,67,371.006
54,BWD,124.76834,2.76000,67,371.101
54,BWD,124.72586,1.41000,67,371.195
54,BWD,124.68160,0.86000,67,371.305
54,BWD,124.61015,0.38000,67,371.399
54,BWD,124.54673,0.13000,67,371.494
54,BWD,124.47050,0.06000,67,371.603
54,BWD,124.37050,0.02000,67,371.698
54,BWD,124.27484,-0.01000,67,371.792
54,BWD,124.17024,0.00000,67,371.902
54,BWD,124.03721,0.01000,67,371.997
54,BWD,123.91404,0.01000,67,372.106
54,BWD,123.73971,-0.01000,67,372.201
54,BWD,123.61765,0.00000,67,372.295
54,BWD,123.47541,0.01000,67,372.404
54,BWD,123.31142,0.01000,67,372.498
54,BWD,123.17000,0.01000,67,372.613
54,BWD,123.00568,0.00000,67,372.702
54,BWD,122.86404,0.00000,67,372.797
54,BWD,122.72629,0.01000,67,372.892
54,BWD,122.59866,0.00000,67,373.001
54,BWD,122.46049,0.01000,67,373.097
54,BWD,122.35196,0.01000,67,373.206
54,BWD,122.23633,0.02000,67,373.300
54,BWD,122.14690,0.00000,67,373.394
54,BWD,122.06650,0.02000,67,373.504
54,BWD,121.98381,0.01000,67,373.598
54,BWD,121.92205,0.00000,67,373.691
54,BWD,121.87037,0.01000,67,373.801
54,BWD,121.82025,0.01000,67,373.896
54,BWD,121.78674,0.01000,67,374.006
55,FWD,121.76582,-0.00000,67,374.069
55,FWD,121.75053,-0.00000,67,374.149
55,FWD,121.74143,0.00000,67,374.228
55,FWD,121.74031,0.02000,67,374.306
55,FWD,121.74545,0.01000,67,374.400
55,FWD,121.75945,0.01000,67,374.493
55,FWD,121.78248,0.01000,67,374.603
55,FWD,121.82050,-0.00000,67,374.697
55,FWD,121.86299,0.02000,67,374.792
55,FWD,121.91374,0.00000,67,374.902
55,FWD,121.98465,0.02000,67,374.996
55,FWD,122.05504,0.02000,67,375.092
55,FWD,122.12535,0.02000,67,375.174
55,FWD,122.20092,0.00000,67,375.240
55,FWD,122.26670,0.02000,67,375.307
55,FWD,122.35202,-0.00000,67,375.394
55,FWD,122.45042,0.01000,67,375.492
55,FWD,122.57586,0.02000,67,375.592
55,FWD,122.68969,0.00000,67,375.659
55,FWD,122.80026,0.00000,67,375.740
55,FWD,122.90427,0.01000,67,375.801
55,FWD,123.00310,0.01000,67,375.892
55,FWD,123.13239,0.01000,67,375.971
55,FWD,123.25198,-0.01000,67,376.041
55,FWD,123.35576,0.02000,67,376.108
55,FWD,123.45828,0.00000,67,376.192
55,FWD,123.60253,0.01000,67,376.291
55,FWD,123.73000,0.01000,67,376.366
55,FWD,123.86028,0.01000,67,376.445
55,FWD,123.98122,0.01000,67,376.524
55,FWD,124.08321,0.01000,67,376.593
55,FWD,124.18607,0.01000,67,376.706
55,FWD,124.35616,-0.00000,67,376.790
55,FWD,124.49777,0.15000,67,376.901
55,FWD,124.66302,0.75000,68,376.995
55,BWD,124.71191,1.97000,68,377.341
55,BWD,124.70832,1.96000,68,377.420
55,BWD,124.69860,1.82000,68,377.498
55,BWD,124.68269,1.37000,68,377.593
55,BWD,124.65639,0.99000,68,377.701
55,BWD,124.61301,0.59000,68,377.795
55,BWD,124.56669,0.28000,68,377.905
55,BWD,124.50903,0.12000,68,377.999
55,BWD,124.44347,0.07000,68,378.093
55,BWD,124.36877,0.04000,68,378.202
55,BWD,124.26967,0.00000,68,378.297
55,BWD,124.17465,0.02000,68,378.391
55,BWD,124.07086,0.01000,68,378.502
55,BWD,123.94525,-0.01000,68,378.592
55,BWD,123.83562,0.00000,68,378.692
55,BWD,123.68109,-0.01000,68,378.792
55,BWD,123.55067,0.01000,68,378.861
55,BWD,123.42797,0.01000,68,378.943
55,BWD,123.32506,0.00000,68,379.025
55,BWD,123.20135,0.01000,68,379.096
55,BWD,123.08364,0.01000,68,379.194
55,BWD,122.94968,-0.00000,68,379.254
55,BWD,122.84967,0.01000,68,379.326
55,BWD,122.75311,0.01000,68,379.411
55,BWD,122.63400,-0.00000,68,379.490
55,BWD,122.53276,0.00000,68,379.559
55,BWD,122.44398,0.01000,68,379.625
55,BWD,122.37245,-0.00000,68,379.692
55,BWD,122.29950,0.02000,68,379.759
55,BWD,122.23106,0.01000,68,379.842
55,BWD,122.15176,0.01000,68,379.909
55,BWD,122.08486,0.01000,68,379.992
55,BWD,122.01541,0.01000,68,380.091
55,BWD,121.95704,0.01000,68,380.148
55,BWD,121.91594,0.01000,68,380.241
55,BWD,121.86938,-0.02000,68,380.307
55,BWD,121.83577,-0.01000,68,380.392
55,BWD,121.80315,0.02000,68,380.457
55,BWD,121.78082,-0.01000,68,380.545
55,BWD,121.75578,0.00000,68,380.656
55,BWD,121.74443,0.00000,68,380.737
55,BWD,121.74009,-0.00000,68,380.804
55,BWD,121.74134,0.01000,68,380.890
55,BWD,121.74968,0.02000,68,380.992
55,BWD,121.77115,0.00000,68,381.090
55,BWD,121.78387,0.02000,68,381.156
55,BWD,121.78900,0.00000,68,381.226
56,FWD,121.78984,0.01000,68,381.256
56,FWD,121.79388,0.02000,68,381.314
56,FWD,121.80215,0.00000,68,381.400
56,FWD,121.81836,0.00000,68,381.504
56,FWD,121.84692,0.01000,68,381.592
56,FWD,121.88037,0.00000,68,381.658
56,FWD,121.91719,0.01000,68,381.742
56,FWD,121.95540,-0.00000,68,381.811
56,FWD,121.99829,0.01000,68,381.890
56,FWD,122.06065,0.00000,68,381.991
56,FWD,122.14137,-0.04000,68,382.102
56,FWD,122.23967,0.01000,68,382.192
56,FWD,122.33148,0.00000,68,382.305
56,FWD,122.45175,0.02000,68,382.399
56,FWD,122.56443,0.00000,68,382.494
56,FWD,122.68610,-0.01000,68,382.592
56,FWD,122.80618,0.00000,68,382.659
56,FWD,122.92743,0.01000,68,382.742
56,FWD,123.03951,0.00000,68,382.825
56,FWD,123.17220,-0.01000,68,382.905
56,FWD,123.28965,0.01000,68,382.998
56,FWD,123.43034,-0.00000,68,383.092
56,FWD,123.57189,0.01000,68,383.202
56,FWD,123.73625,0.00000,68,383.293
56,FWD,123.87534,-0.00000,68,383.404
56,FWD,124.03940,0.00000,68,383.499
56,FWD,124.17632,0.00000,68,383.602
56,FWD,124.32747,0.01000,68,383.690
56,FWD,124.45305,0.08000,68,383.805
56,FWD,124.62775,0.25000,68,383.890
56,FWD,124.75014,1.45000,69,383.958
56,BWD,124.77727,3.26000,69,384.293
56,BWD,124.77389,3.07000,69,384.400
56,BWD,124.75986,2.77000,69,384.491
56,BWD,124.73913,2.41000,69,384.575
56,BWD,124.71082,1.64000,69,384.669
56,BWD,124.67763,1.29000,70,384.748
56,BWD,124.63261,0.74000,70,384.828
56,BWD,124.58725,0.15000,70,384.906
56,BWD,124.53547,0.18000,70,384.999
56,BWD,124.46600,0.06000,70,385.108
56,BWD,124.38438,0.03000,70,385.191
56,BWD,124.30811,0.01000,70,385.257
56,BWD,124.24197,-0.00000,70,385.342
56,BWD,124.13539,0.02000,70,385.438
56,BWD,124.02517,0.02000,70,385.532
56,BWD,123.90288,0.01000,70,385.625
56,BWD,123.77412,0.00000,70,385.705
56,BWD,123.66209,0.00000,70,385.808
56,BWD,123.50533,-0.00000,70,385.903
56,BWD,123.36369,0.01000,70,385.997
56,BWD,123.22199,0.01000,70,386.091
56,BWD,123.07562,0.02000,70,386.192
56,BWD,122.94820,0.01000,70,386.259
56,BWD,122.82868,-0.00000,70,386.337
56,BWD,122.71386,0.01000,70,386.425
56,BWD,122.59547,0.00000,70,386.525
56,BWD,122.46875,0.02000,70,386.622
56,BWD,122.35989,0.01000,70,386.716
56,BWD,122.26384,-0.00000,70,386.791
56,BWD,122.19678,-0.00000,70,386.903
56,BWD,122.09306,0.01000,70,387.005
56,BWD,122.00700,0.01000,70,387.100
56,BWD,121.94242,-0.00000,70,387.193
56,BWD,121.89325,0.01000,70,387.302
56,BWD,121.83344,0.02000,70,387.397
56,BWD,121.80002,0.01000,70,387.492
56,BWD,121.77263,0.01000,70,387.558
56,BWD,121.75565,0.00000,70,387.637
56,BWD,121.74567,-0.00000,70,387.725
56,BWD,121.74004,-0.01000,70,387.806
56,BWD,121.74216,0.00000,70,387.900
56,BWD,121.75278,0.01000,70,387.994
56,BWD,121.77135,0.00000,70,388.103
56,BWD,121.78551,0.00000,70,388.199
57,FWD,121.78899,0.01000,70,388.230
57,FWD,121.79668,0.01000,70,388.308
57,FWD,121.80772,0.01000,70,388.392
57,FWD,121.82817,-0.00000,70,388.475
57,FWD,121.85464,0.01000,70,388.544
57,FWD,121.88779,0.00000,70,388.623
57,FWD,121.92621,0.01000,70,388.702
57,FWD,121.96952,0.01000,70,388.793
57,FWD,122.02768,-0.00000,70,388.892
57,FWD,122.09875,0.01000,70,388.959
57,FWD,122.14822,0.01000,70,389.025
57,FWD,122.21793,-0.00000,70,389.103
57,FWD,122.28707,0.01000,70,389.192
57,FWD,122.37489,0.01000,70,389.261
57,FWD,122.45013,0.00000,70,389.327
57,FWD,122.52859,0.00000,70,389.392
57,FWD,122.62743,0.01000,70,389.491
57,FWD,122.76015,0.01000,70,389.602
57,FWD,122.91981,0.00000,70,389.696
57,FWD,123.05912,0.01000,70,389.805
57,FWD,123.20968,0.00000,70,389.891
57,FWD,123.35324,0.01000,70,389.991
57,FWD,123.50334,0.01000,70,390.100
57,FWD,123.66685,-0.00000,70,390.194
57,FWD,123.80813,0.00000,70,390.304
57,FWD,123.97340,-0.02000,70,390.392
57,FWD,124.11806,0.01000,70,390.504
57,FWD,124.27206,0.02000,70,390.598
57,FWD,124.41449,0.00000,70,390.696
57,FWD,124.56277,0.36000,70,390.795
57,FWD,124.72413,1.92000,71,390.891
57,BWD,124.75911,2.89000,71,391.232
57,BWD,124.75615,2.76000,71,391.310
57,BWD,124.74791,2.76000,71,391.392
57,BWD,124.73246,2.09000,71,391.459
57,BWD,124.71428,1.70000,71,391.542
57,BWD,124.68642,1.32000,71,391.624
57,BWD,124.65040,0.97000,72,391.695
57,BWD,124.60846,0.64000,72,391.793
57,BWD,124.54984,0.14000,72,391.895
57,BWD,124.48019,0.09000,72,392.008
57,BWD,124.38221,0.05000,72,392.103
57,BWD,124.30434,0.04000,72,392.197
57,BWD,124.21024,0.01000,72,392.291
57,BWD,124.10682,0.01000,72,392.400
57,BWD,123.97565,0.00000,72,392.493
57,BWD,123.85326,0.01000,72,392.604
57,BWD,123.70035,0.02000,72,392.698
57,BWD,123.55977,-0.00000,72,392.793
57,BWD,123.41904,0.01000,72,392.904
57,BWD,123.25375,0.01000,72,392.997
57,BWD,123.11362,0.00000,72,393.090
57,BWD,122.98660,0.02000,72,393.190
57,BWD,122.81898,0.01000,72,393.303
57,BWD,122.67545,0.01000,72,393.404
57,BWD,122.54375,-0.01000,72,393.504
57,BWD,122.40936,0.01000,72,393.602
57,BWD,122.30991,0.01000,72,393.691
57,BWD,122.20622,0.01000,72,393.790
57,BWD,122.11943,0.01000,72,393.900
57,BWD,122.02967,-0.00000,72,393.995
57,BWD,121.96236,0.01000,72,394.104
57,BWD,121.89517,-0.01000,72,394.213
57,BWD,121.84160,-0.01000,72,394.293
57,BWD,121.81261,0.01000,72,394.391
57,BWD,121.77920,-0.01000,72,394.461
57,BWD,121.76143,-0.00000,72,394.541
57,BWD,121.74892,0.02000,72,394.607
57,BWD,121.74150,0.01000,72,394.702
57,BWD,121.74040,0.00000,72,394.791
57,BWD,121.74771,-0.00000,72,394.901
57,BWD,121.76747,0.01000,72,394.996
57,BWD,121.78285,-0.00000,72,395.104
57,BWD,121.78996,0.00000,72,395.199
58,FWD,121.79001,0.00000,72,395.230
58,FWD,121.79352,0.00000,72,395.309
58,FWD,121.80407,-0.00000,72,395.391
58,FWD,121.81748,0.01000,72,395.459
58,FWD,121.83642,0.01000,72,395.527
58,FWD,121.86324,0.02000,72,395.621
58,FWD,121.90385,0.00000,72,395.717
58,FWD,121.95062,-0.01000,72,395.791
58,FWD,121.99160,0.01000,72,395.891
58,FWD,122.06871,0.00000,72,395.970
58,FWD,122.13055,0.01000,72,396.049
58,FWD,122.19775,0.00000,72,396.126
58,FWD,122.27213,0.01000,72,396.205
58,FWD,122.35336,0.00000,72,396.300
58,FWD,122.45082,0.01000,72,396.392
58,FWD,122.56741,0.02000,72,396.501
58,FWD,122.71002,0.00000,72,396.595
58,FWD,122.84291,0.02000,72,396.690
58,FWD,122.96477,0.00000,72,396.770
58,FWD,123.10164,0.02000,72,396.849
58,FWD,123.21742,0.01000,72,396.925
58,FWD,123.33607,0.01000,72,397.004
58,FWD,123.45403,0.01000,72,397.098
58,FWD,123.59501,0.00000,72,397.192
58,FWD,123.73640,-0.00000,72,397.302
58,FWD,123.90205,0.00000,72,397.393
58,FWD,124.01977,-0.01000,72,397.504
58,FWD,124.20357,0.03000,72,397.598
58,FWD,124.33106,0.02000,72,397.692
58,FWD,124.47462,0.06000,72,397.802
58,FWD,124.65134,0.21000,72,397.897
58,FWD,124.78664,4.02000,73,397.990
58,BWD,124.83897,4.17000,73,398.352
58,BWD,124.83506,4.11000,73,398.430
58,BWD,124.82491,4.01000,73,398.509
58,BWD,124.81084,3.76000,73,398.603
58,BWD,124.78345,2.57000,73,398.698
58,BWD,124.74682,1.94000,73,398.793
58,BWD,124.69915,1.40000,73,398.902
58,BWD,124.63627,0.24000,73,398.996
58,BWD,124.57681,0.14000,73,399.092
58,BWD,124.49526,0.09000,73,399.202
58,BWD,124.39826,0.06000,73,399.297
58,BWD,124.30335,0.01000,73,399.393
58,BWD,124.20117,0.01000,73,399.503
58,BWD,124.07895,0.02000,73,399.591
58,BWD,123.95449,0.01000,73,399.701
58,BWD,123.80698,0.01000,73,399.795
58,BWD,123.66570,-0.01000,73,399.906
58,BWD,123.50056,0.00000,73,400.000
58,BWD,123.36280,0.01000,73,400.092
58,BWD,123.22205,0.00000,73,400.201
58,BWD,123.05573,0.01000,73,400.297
58,BWD,122.90828,0.00000,73,400.391
58,BWD,122.77563,0.00000,73,400.500
58,BWD,122.62046,0.01000,73,400.609
58,BWD,122.48325,0.01000,73,400.705
58,BWD,122.37262,0.01000,73,400.799
58,BWD,122.27158,0.01000,73,400.892
58,BWD,122.17933,0.01000,73,401.002
58,BWD,122.08244,-0.03000,73,401.092
58,BWD,122.02078,-0.01000,73,401.158
58,BWD,121.96306,0.01000,73,401.239
58,BWD,121.91360,0.01000,73,401.318
58,BWD,121.87000,-0.00000,73,401.398
58,BWD,121.83292,0.02000,73,401.493
58,BWD,121.79688,0.00000,73,401.602
58,BWD,121.76727,0.00000,73,401.692
58,BWD,121.74945,0.00000,73,401.801
58,BWD,121.74036,0.01000,73,401.896
58,BWD,121.74195,0.00000,73,401.991
58,BWD,121.75233,-0.00000,73,402.100
58,BWD,121.77364,0.01000,73,402.192
58,BWD,121.78617,0.01000,73,402.296
59,FWD,121.78928,-0.00000,73,402.328
59,FWD,121.79632,0.00000,73,402.407
59,FWD,121.80965,0.01000,73,402.491
59,FWD,121.82639,0.01000,73,402.593
59,FWD,121.86098,0.01000,73,402.660
59,FWD,121.89338,-0.00000,73,402.742
59,FWD,121.92659,0.01000,73,402.809
59,FWD,121.97139,0.01000,73,402.897
59,FWD,122.02755,-0.02000,73,402.990
59,FWD,122.08794,-0.02000,73,403.057
59,FWD,122.14168,0.00000,73,403.123
59,FWD,122.20072,-0.01000,73,403.191
59,FWD,122.27709,0.01000,73,403.298
59,FWD,122.38937,0.01000,73,403.392
59,FWD,122.47973,0.00000,73,403.459
59,FWD,122.56062,0.02000,73,403.526
59,FWD,122.64565,-0.01000,73,403.592
59,FWD,122.73582,0.02000,73,403.659
59,FWD,122.82977,0.01000,73,403.741
59,FWD,122.95051,0.02000,73,403.810
59,FWD,123.07424,0.01000,73,403.892
59,FWD,123.17905,0.01000,73,403.960
59,FWD,123.28344,0.00000,73,404.041
59,FWD,123.41294,0.01000,73,404.124
59,FWD,123.52626,0.01000,73,404.192
59,FWD,123.64664,-0.01000,73,404.294
59,FWD,123.80118,0.01000,73,404.389
59,FWD,123.92400,0.01000,73,404.458
59,FWD,124.02587,0.01000,73,404.542
59,FWD,124.17504,0.01000,73,404.628
59,FWD,124.29617,-0.01000,73,404.710
59,FWD,124.40541,0.04000,73,404.791
59,FWD,124.52466,0.06000,73,404.859
59,FWD,124.64928,1.03000,73,404.959
59,FWD,124.77796,2.38000,74,405.027
59,BWD,124.80351,3.53000,74,405.359
59,BWD,124.80047,3.48000,74,405.443
59,BWD,124.79227,3.26000,74,405.506
59,BWD,124.78021,3.08000,74,405.591
59,BWD,124.75844,2.62000,74,405.690
59,BWD,124.71982,1.58000,74,405.770
59,BWD,124.68809,1.19000,74,405.847
59,BWD,124.64404,0.84000,74,405.924
59,BWD,124.59625,0.15000,74,406.003
59,BWD,124.54688,0.16000,74,406.092
59,BWD,124.47410,0.07000,74,406.202
59,BWD,124.37881,0.03000,74,406.292
59,BWD,124.29219,0.00000,74,406.402
59,BWD,124.17483,0.00000,74,406.497
59,BWD,124.06474,0.00000,74,406.591
59,BWD,123.94574,0.01000,74,406.700
59,BWD,123.79588,-0.00000,74,406.796
59,BWD,123.65683,0.01000,74,406.890
59,BWD,123.53311,-0.00000,74,406.967
59,BWD,123.39716,0.01000,74,407.047
59,BWD,123.28110,0.00000,74,407.124
59,BWD,123.18074,0.01000,74,407.191
59,BWD,123.08038,0.01000,74,407.292
59,BWD,122.91068,0.01000,74,407.403
59,BWD,122.76147,-0.00000,74,407.491
59,BWD,122.63553,0.00000,74,407.601
59,BWD,122.48666,0.00000,74,407.696
59,BWD,122.37949,0.01000,74,407.790
59,BWD,122.27473,0.01000,74,407.901
59,BWD,122.16700,0.01000,74,407.994
59,BWD,122.08455,0.00000,74,408.093
59,BWD,122.01511,0.00000,74,408.158
59,BWD,121.96933,0.01000,74,408.225
59,BWD,121.92595,0.00000,74,408.294
59,BWD,121.88648,0.01000,74,408.391
59,BWD,121.83238,0.01000,74,408.503
59,BWD,121.79492,0.01000,74,408.598
60,FWD,121.77541,-0.00000,74,408.644
60,FWD,121.75597,0.00000,74,408.722
60,FWD,121.74640,0.01000,74,408.792
60,FWD,121.74050,0.00000,74,408.902
60,FWD,121.74236,0.00000,74,408.996
60,FWD,121.75488,0.02000,74,409.092
60,FWD,121.77608,0.01000,74,409.191
60,FWD,121.80695,-0.00000,74,409.265
60,FWD,121.83725,0.01000,74,409.343
60,FWD,121.87480,0.01000,74,409.421
60,FWD,121.91876,0.01000,74,409.515
60,FWD,121.97883,0.01000,74,409.610
60,FWD,122.04005,0.01000,74,409.694
60,FWD,122.12189,0.00000,74,409.794
60,FWD,122.19919,0.01000,74,409.860
60,FWD,122.27920,0.01000,74,409.942
60,FWD,122.35185,0.01000,74,410.012
60,FWD,122.43179,0.01000,74,410.090
60,FWD,122.52765,0.00000,74,410.159
60,FWD,122.62189,0.00000,74,410.225
60,FWD,122.71188,0.01000,74,410.300
60,FWD,122.81474,0.01000,74,410.392
60,FWD,122.97192,0.01000,74,410.505
60,FWD,123.13731,0.02000,74,410.600
60,FWD,123.28481,0.00000,74,410.695
60,FWD,123.42111,0.01000,74,410.804
60,FWD,123.58755,0.01000,74,410.898
60,FWD,123.72709,0.01000,74,410.993
60,FWD,123.86845,-0.00000,74,411.102
60,FWD,124.04226,0.01000,74,411.197
60,FWD,124.17512,0.01000,74,411.291
60,FWD,124.30229,0.02000,74,411.361
60,FWD,124.41929,0.02000,74,411.436
60,FWD,124.52438,0.10000,74,411.507
60,FWD,124.62494,0.37000,74,411.592
60,FWD,124.75237,1.46000,75,411.660
60,BWD,124.77762,3.09000,75,412.010
60,BWD,124.77243,3.06000,75,412.106
60,BWD,124.75969,2.61000,75,412.193
60,BWD,124.74252,2.31000,75,412.260
60,BWD,124.71756,1.48000,75,412.358
60,BWD,124.68484,1.12000,75,412.439
60,BWD,124.64687,0.86000,75,412.508
60,BWD,124.60912,0.23000,75,412.593
60,BWD,124.55644,0.17000,75,412.654
60,BWD,124.51385,0.13000,75,412.717
60,BWD,124.46355,0.10000,75,412.792
60,BWD,124.39682,0.05000,75,412.858
60,BWD,124.33080,0.01000,75,412.942
60,BWD,124.25596,0.01000,75,413.022
60,BWD,124.17809,-0.01000,75,413.093
60,BWD,124.08054,0.01000,75,413.191
60,BWD,123.96435,0.00000,75,413.301
60,BWD,123.83392,0.02000,75,413.389
60,BWD,123.70586,-0.00000,75,413.458
60,BWD,123.60394,0.01000,75,413.538
60,BWD,123.46797,0.01000,75,413.617
60,BWD,123.34998,-0.01000,75,413.696
60,BWD,123.23264,0.00000,75,413.790
60,BWD,123.09102,0.00000,75,413.891
60,BWD,122.95718,0.00000,75,413.975
60,BWD,122.83248,-0.00000,75,414.040
60,BWD,122.73742,-0.02000,75,414.105
60,BWD,122.63024,0.00000,75,414.190
60,BWD,122.53510,0.00000,75,414.252
60,BWD,122.45274,-0.00000,75,414.342
60,BWD,122.35490,0.00000,75,414.410
60,BWD,122.26947,0.00000,75,414.490
60,BWD,122.19180,0.01000,75,414.600
60,BWD,122.09738,0.00000,75,414.690
60,BWD,122.03086,0.02000,75,414.776
60,BWD,121.96855,0.01000,75,414.843
60,BWD,121.92561,0.00000,75,414.910
60,BWD,121.87954,0.00000,75,414.994
60,BWD,121.83925,0.00000,75,415.089
60,BWD,121.80608,-0.00000,75,415.159
60,BWD,121.78271,0.00000,75,415.224
60,BWD,121.76620,-0.00000,75,415.293
60,BWD,121.75282,-0.00000,75,415.356
60,BWD,121.74445,0.01000,75,415.415
60,BWD,121.74055,0.01000,75,415.492
60,BWD,121.74114,0.01000,75,415.604
60,BWD,121.75245,0.01000,75,415.697
60,BWD,121.77103,0.01000,75,415.792
60,BWD,121.78492,0.01000,75,415.902
60,BWD,121.79000,0.01000,75,415.996
61,FWD,121.79000,0.01000,75,416.027
61,FWD,121.79353,0.01000,75,416.106
61,FWD,121.80322,0.01000,75,416.200
61,FWD,121.82195,0.02000,75,416.291
61,FWD,121.84657,0.01000,75,416.359
61,FWD,121.87308,0.02000,75,416.427
61,FWD,121.90775,-0.01000,75,416.509
61,FWD,121.95057,0.01000,75,416.592
61,FWD,121.99326,0.00000,75,416.694
61,FWD,122.06259,0.01000,75,416.759
61,FWD,122.11282,-0.00000,75,416.825
61,FWD,122.17842,0.00000,75,416.904
61,FWD,122.25126,0.02000,75,416.998
61,FWD,122.34599,0.00000,75,417.092
61,FWD,122.45002,0.01000,75,417.203
61,FWD,122.58218,0.01000,75,417.297
61,FWD,122.68936,0.01000,75,417.390
61,FWD,122.82255,0.00000,75,417.501
61,FWD,123.00111,0.00000,75,417.592
61,FWD,123.13107,0.01000,75,417.689
61,FWD,123.26583,0.00000,75,417.756
61,FWD,123.38563,0.00000,75,417.836
61,FWD,123.50428,-0.00000,75,417.915
61,FWD,123.62112,0.01000,75,417.993
61,FWD,123.73098,0.00000,75,418.090
61,FWD,123.87509,0.00000,75,418.203
61,FWD,124.04301,-0.00000,75,418.299
61,FWD,124.18840,0.01000,75,418.394
61,FWD,124.33035,-0.01000,75,418.490
61,FWD,124.48466,0.16000,75,418.600
61,FWD,124.64248,0.72000,75,418.695
61,FWD,124.78635,2.66000,76,418.790
61,BWD,124.84060,4.24000,76,419.160
61,BWD,124.83527,4.01000,76,419.226
61,BWD,124.82372,3.77000,76,419.306
61,BWD,124.80935,3.33000,76,419.391
61,BWD,124.77999,2.76000,76,419.491
61,BWD,124.74035,2.16000,76,419.603
61,BWD,124.68464,0.84000,76,419.697
61,BWD,124.62840,0.36000,76,419.790
61,BWD,124.57128,0.15000,76,419.858
61,BWD,124.51929,0.08000,76,419.925
61,BWD,124.45090,0.08000,76,420.006
61,BWD,124.38881,0.02000,76,420.091
61,BWD,124.28816,0.01000,76,420.191
61,BWD,124.19668,-0.00000,76,420.258
61,BWD,124.10219,0.01000,76,420.338
61,BWD,124.01524,-0.00000,76,420.407
61,BWD,123.92822,0.00000,76,420.490
61,BWD,123.79652,-0.00000,76,420.600
61,BWD,123.62740,0.00000,76,420.689
61,BWD,123.51405,0.01000,76,420.757
61,BWD,123.39628,-0.01000,76,420.852
61,BWD,123.25610,0.00000,76,420.929
61,BWD,123.13805,0.01000,76,421.024
61,BWD,122.99734,0.01000,76,421.118
61,BWD,122.85699,0.00000,76,421.196
61,BWD,122.74265,0.02000,76,421.290
61,BWD,122.61367,0.01000,76,421.394
61,BWD,122.48244,0.02000,76,421.503
61,BWD,122.34430,0.00000,76,421.598
61,BWD,122.25467,-0.01000,76,421.691
61,BWD,122.16233,0.00000,76,421.802
61,BWD,122.06729,0.00000,76,421.898
61,BWD,121.99564,-0.00000,76,421.992
61,BWD,121.93235,-0.01000,76,422.101
61,BWD,121.87019,-0.00000,76,422.196
61,BWD,121.82662,0.01000,76,422.290
61,BWD,121.79179,0.00000,76,422.400
62,FWD,121.76978,0.00000,76,422.462
62,FWD,121.75125,0.00000,76,422.556
62,FWD,121.74153,0.01000,76,422.635
62,FWD,121.74030,0.01000,76,422.714
62,FWD,121.74519,0.01000,76,422.793
62,FWD,121.75625,0.01000,76,422.902
62,FWD,121.78220,0.00000,76,422.997
62,FWD,121.81385,0.01000,76,423.090
62,FWD,121.85463,0.00000,76,423.201
62,FWD,121.91340,0.02000,76,423.295
62,FWD,121.97346,0.00000,76,423.390
62,FWD,122.04263,-0.01000,76,423.492
62,FWD,122.12759,0.00000,76,423.602
62,FWD,122.23034,0.01000,76,423.697
62,FWD,122.32803,0.02000,76,423.791
62,FWD,122.43537,0.00000,76,423.901
62,FWD,122.57144,-0.01000,76,423.996
62,FWD,122.69743,0.01000,76,424.090
62,FWD,122.83169,-0.00000,76,424.168
62,FWD,122.94992,0.00000,76,424.248
62,FWD,123.06756,0.00000,76,424.325
62,FWD,123.18649,0.00000,76,424.405
62,FWD,123.30452,0.00000,76,424.499
62,FWD,123.44620,-0.01000,76,424.594
62,FWD,123.58730,0.00000,76,424.703
62,FWD,123.75223,0.01000,76,424.798
62,FWD,123.89423,0.02000,76,424.893
62,FWD,124.03526,0.02000,76,425.002
62,FWD,124.20086,0.01000,76,425.097
62,FWD,124.34155,0.01000,76,425.191
62,FWD,124.48286,0.05000,76,425.300
62,FWD,124.64771,0.95000,76,425.395
62,FWD,124.78941,3.02000,77,425.489
62,BWD,124.83762,4.11000,77,425.824
62,BWD,124.83440,4.02000,77,425.903
62,BWD,124.82509,4.01000,77,425.995
62,BWD,124.80583,3.08000,77,426.091
62,BWD,124.77652,2.49000,77,426.203
62,BWD,124.73213,1.89000,77,426.297
62,BWD,124.68442,1.31000,77,426.391
62,BWD,124.62787,0.23000,77,426.501
62,BWD,124.55962,0.15000,77,426.560
62,BWD,124.50210,0.10000,77,426.641
62,BWD,124.43620,0.04000,77,426.719
62,BWD,124.36342,0.01000,77,426.813
62,BWD,124.27859,0.00000,77,426.891
62,BWD,124.19276,0.00000,77,426.957
62,BWD,124.08945,0.01000,77,427.036
62,BWD,124.00280,0.01000,77,427.130
62,BWD,123.87698,0.01000,77,427.224
62,BWD,123.74250,0.01000,77,427.302
62,BWD,123.62482,-0.00000,77,427.392
62,BWD,123.49640,-0.00000,77,427.490
62,BWD,123.35183,0.00000,77,427.589
62,BWD,123.21147,0.00000,77,427.690
62,BWD,123.06072,0.01000,77,427.756
62,BWD,122.94437,0.01000,77,427.840
62,BWD,122.83531,0.01000,77,427.907
62,BWD,122.73914,0.02000,77,427.989
62,BWD,122.61028,0.01000,77,428.099
62,BWD,122.48145,0.00000,77,428.193
62,BWD,122.36926,0.02000,77,428.303
62,BWD,122.25018,0.02000,77,428.393
62,BWD,122.15750,-0.01000,77,428.490
62,BWD,122.07535,0.02000,77,428.599
62,BWD,122.00015,0.00000,77,428.692
62,BWD,121.92774,0.01000,77,428.791
62,BWD,121.87400,0.00000,77,428.901
62,BWD,121.82744,0.02000,77,428.995
62,BWD,121.78920,0.00000,77,429.089
63,FWD,121.77084,0.02000,77,429.136
63,FWD,121.75479,0.00000,77,429.221
63,FWD,121.74472,0.02000,77,429.293
63,FWD,121.74008,0.01000,77,429.391
63,FWD,121.74341,-0.01000,77,429.501
63,FWD,121.75787,0.02000,77,429.596
63,FWD,121.78110,0.01000,77,429.690
63,FWD,121.81251,0.02000,77,429.800
63,FWD,121.86050,0.01000,77,429.894
63,FWD,121.91131,0.01000,77,430.004
63,FWD,121.98164,0.02000,77,430.098
63,FWD,122.05138,-0.00000,77,430.193
63,FWD,122.13015,-0.01000,77,430.302
63,FWD,122.23337,0.00000,77,430.397
63,FWD,122.33659,0.00000,77,430.491
63,FWD,122.43828,0.00000,77,430.601
63,FWD,122.57744,0.00000,77,430.696
63,FWD,122.71325,-0.00000,77,430.790
63,FWD,122.83645,0.01000,77,430.868
63,FWD,122.95503,0.01000,77,430.948
63,FWD,123.07335,0.02000,77,431.026
63,FWD,123.17715,0.01000,77,431.105
63,FWD,123.31396,0.00000,77,431.199
63,FWD,123.45029,0.01000,77,431.293
63,FWD,123.59159,0.00000,77,431.403
63,FWD,123.76830,-0.00000,77,431.498
63,FWD,123.89761,0.01000,77,431.591
63,FWD,124.03860,0.00000,77,431.701
63,FWD,124.22279,0.01000,77,431.797
63,FWD,124.34623,-0.02000,77,431.890
63,FWD,124.48692,0.07000,77,432.000
63,FWD,124.65237,0.19000,77,432.095
63,FWD,124.79367,3.78000,78,432.189
63,BWD,124.84106,4.18000,78,432.550
63,BWD,124.83784,3.96000,78,432.621
63,BWD,124.82742,3.71000,78,432.701
63,BWD,124.81432,3.71000,78,432.767
63,BWD,124.79478,2.64000,78,432.842
63,BWD,124.77172,1.97000,78,432.909
63,BWD,124.73782,1.90000,78,432.992
63,BWD,124.70463,1.33000,79,433.095
63,BWD,124.63815,0.23000,79,433.193
63,BWD,124.56903,0.13000,79,433.293
63,BWD,124.49034,0.10000,79,433.391
63,BWD,124.41712,0.02000,79,433.459
63,BWD,124.35203,0.03000,79,433.534
63,BWD,124.26401,0.01000,79,433.621
63,BWD,124.16469,0.00000,79,433.716
63,BWD,124.05089,-0.00000,79,433.795
63,BWD,123.96084,0.01000,79,433.891
63,BWD,123.82984,-0.00000,79,433.959
63,BWD,123.71545,0.01000,79,434.053
63,BWD,123.57346,-0.00000,79,434.147
63,BWD,123.43213,0.01000,79,434.242
63,BWD,123.29136,0.00000,79,434.321
63,BWD,123.17366,0.01000,79,434.398
63,BWD,123.05602,0.01000,79,434.492
63,BWD,122.91467,0.01000,79,434.602
63,BWD,122.75291,0.01000,79,434.696
63,BWD,122.62350,-0.01000,79,434.790
63,BWD,122.50272,0.01000,79,434.900
63,BWD,122.37340,0.01000,79,434.994
63,BWD,122.27197,0.02000,79,435.089
63,BWD,122.17857,0.01000,79,435.202
63,BWD,122.08196,0.03000,79,435.293
63,BWD,122.00888,0.00000,79,435.403
63,BWD,121.93437,0.01000,79,435.496
63,BWD,121.88005,0.02000,79,435.591
63,BWD,121.83461,0.01000,79,435.700
63,BWD,121.79295,0.01000,79,435.795
64,FWD,121.77403,0.02000,79,435.858
64,FWD,121.75414,-0.00000,79,435.952
64,FWD,121.74275,-0.00000,79,436.030
64,FWD,121.74002,0.01000,79,436.110
64,FWD,121.74345,-0.00000,79,436.203
64,FWD,121.75565,0.01000,79,436.297
64,FWD,121.77675,0.02000,79,436.391
64,FWD,121.80670,-0.00000,79,436.500
64,FWD,121.85291,0.01000,79,436.595
64,FWD,121.90201,0.01000,79,436.689
64,FWD,121.95941,0.00000,79,436.767
64,FWD,122.01433,0.02000,79,436.845
64,FWD,122.07548,0.01000,79,436.923
64,FWD,122.14267,0.01000,79,437.001
64,FWD,122.21637,0.00000,79,437.096
64,FWD,122.31277,0.01000,79,437.190
64,FWD,122.41440,0.01000,79,437.300
64,FWD,122.55247,-0.01000,79,437.394
64,FWD,122.67648,0.00000,79,437.488
64,FWD,122.81045,0.03000,79,437.598
64,FWD,122.95638,-0.00000,79,437.693
64,FWD,123.10056,0.00000,79,437.803
64,FWD,123.28097,0.02000,79,437.897
64,FWD,123.41256,0.01000,79,437.991
64,FWD,123.55643,-0.00000,79,438.101
64,FWD,123.72742,0.00000,79,438.195
64,FWD,123.86755,-0.00000,79,438.289
64,FWD,124.01052,-0.01000,79,438.399
64,FWD,124.15663,0.00000,79,438.494
64,FWD,124.31648,0.01000,79,438.603
64,FWD,124.46677,0.07000,79,438.697
64,FWD,124.61132,0.20000,79,438.792
64,FWD,124.76500,3.77000,80,438.902
64,BWD,124.83560,4.01000,80,439.264
64,BWD,124.83132,3.96000,80,439.359
64,BWD,124.81815,3.46000,80,439.453
64,BWD,124.79610,3.10000,80,439.531
64,BWD,124.77110,2.75000,80,439.609
64,BWD,124.74348,1.79000,80,439.688
64,BWD,124.70844,1.62000,81,439.751
64,BWD,124.66740,0.50000,81,439.830
64,BWD,124.61908,0.25000,81,439.908
64,BWD,124.56696,0.11000,81,440.003
64,BWD,124.49187,0.08000,81,440.098
64,BWD,124.40649,0.06000,81,440.191
64,BWD,124.31518,0.02000,81,440.302
64,BWD,124.19736,0.01000,81,440.396
64,BWD,124.08616,0.01000,81,440.490
64,BWD,123.96667,0.01000,81,440.600
64,BWD,123.81114,-0.00000,81,440.694
64,BWD,123.67680,0.01000,81,440.788
64,BWD,123.53555,0.01000,81,440.898
64,BWD,123.35916,0.01000,81,440.992
64,BWD,123.23008,0.01000,81,441.102
64,BWD,123.05630,0.01000,81,441.197
64,BWD,122.92342,0.00000,81,441.290
64,BWD,122.78400,0.01000,81,441.400
64,BWD,122.63058,0.00000,81,441.495
64,BWD,122.51028,0.00000,81,441.589
64,BWD,122.39770,0.00000,81,441.698
64,BWD,122.27785,0.01000,81,441.793
64,BWD,122.18450,0.02000,81,441.903
64,BWD,122.08734,0.01000,81,441.996
64,BWD,122.01331,0.02000,81,442.091
64,BWD,121.94821,0.01000,81,442.169
64,BWD,121.90054,0.01000,81,442.248
64,BWD,121.86131,-0.01000,81,442.322
64,BWD,121.82565,0.01000,81,442.400
64,BWD,121.79613,0.01000,81,442.494
64,BWD,121.76908,0.01000,81,442.589
64,BWD,121.75089,0.01000,81,442.698
64,BWD,121.74069,0.00000,81,442.792
64,BWD,121.74139,0.02000,81,442.902
64,BWD,121.75318,0.00000,81,442.997
64,BWD,121.77048,0.01000,81,443.099
64,BWD,121.78609,0.01000,81,443.193
65,FWD,121.78867,0.02000,81,443.225
65,FWD,121.79729,0.00000,81,443.303
65,FWD,121.81146,0.00000,81,443.397
65,FWD,121.83643,-0.00000,81,443.489
65,FWD,121.86928,0.02000,81,443.599
65,FWD,121.91978,0.01000,81,443.692
65,FWD,121.97266,0.01000,81,443.799
65,FWD,122.04028,-0.00000,81,443.893
65,FWD,122.10721,0.01000,81,443.991
65,FWD,122.19384,0.00000,81,444.090
65,FWD,122.28199,0.01000,81,444.159
65,FWD,122.35711,0.01000,81,444.225
65,FWD,122.42469,0.02000,81,444.292
65,FWD,122.50397,-0.00000,81,444.358
65,FWD,122.58448,-0.00000,81,444.443
65,FWD,122.71390,0.01000,81,444.526
65,FWD,122.83189,0.01000,81,444.609
65,FWD,122.93203,0.01000,81,444.692
65,FWD,123.05637,-0.01000,81,444.760
65,FWD,123.15887,0.02000,81,444.844
65,FWD,123.30535,0.00000,81,444.928
65,FWD,123.42086,-0.01000,81,445.018
65,FWD,123.55109,0.01000,81,445.088
65,FWD,123.66881,0.01000,81,445.198
65,FWD,123.83356,-0.01000,81,445.292
65,FWD,123.97441,0.00000,81,445.402
65,FWD,124.13909,0.01000,81,445.496
65,FWD,124.28072,0.01000,81,445.590
65,FWD,124.42203,0.08000,81,445.700
65,FWD,124.58695,0.21000,81,445.794
65,FWD,124.72840,1.06000,81,445.888
65,FWD,124.86973,3.21000,82,445.999
65,BWD,124.94098,5.88000,82,446.360
65,BWD,124.93687,5.76000,82,446.438
65,BWD,124.92668,5.61000,82,446.517
65,BWD,124.91027,5.17000,82,446.595
65,BWD,124.88795,4.60000,82,446.689
65,BWD,124.85255,2.99000,82,446.799
65,BWD,124.80012,2.24000,82,446.893
65,BWD,124.74567,1.48000,82,446.988
65,BWD,124.68216,0.23000,82,447.098
65,BWD,124.59735,0.10000,82,447.192
65,BWD,124.52617,0.08000,82,447.302
65,BWD,124.40680,0.03000,82,447.397
65,BWD,124.31629,0.00000,82,447.490
65,BWD,124.20491,0.01000,82,447.600
65,BWD,124.05539,-0.00000,82,447.694
65,BWD,123.93057,0.01000,82,447.789
65,BWD,123.79039,0.01000,82,447.898
65,BWD,123.62293,0.01000,82,447.992
65,BWD,123.48126,0.00000,82,448.102
65,BWD,123.33485,0.01000,82,448.196
65,BWD,123.19103,0.02000,82,448.291
65,BWD,123.03210,0.00000,82,448.401
65,BWD,122.87943,0.01000,82,448.496
65,BWD,122.73840,0.01000,82,448.589
65,BWD,122.60225,0.00000,82,448.699
65,BWD,122.46625,0.00000,82,448.795
65,BWD,122.35599,0.01000,82,448.888
65,BWD,122.25478,-0.00000,82,448.998
65,BWD,122.14906,0.00000,82,449.093
65,BWD,122.06877,0.01000,82,449.202
65,BWD,121.99203,0.00000,82,449.296
65,BWD,121.92379,-0.00000,82,449.391
65,BWD,121.87092,-0.01000,82,449.501
65,BWD,121.82234,0.00000,82,449.595
65,BWD,121.78738,0.01000,82,449.690
66,FWD,121.77390,0.01000,82,449.721
66,FWD,121.75660,0.01000,82,449.815
66,FWD,121.74383,0.00000,82,449.910
66,FWD,121.74003,0.01000,82,449.988
66,FWD,121.74363,0.01000,82,450.067
66,FWD,121.75332,0.00000,82,450.145
66,FWD,121.76915,0.00000,82,450.223
66,FWD,121.78918,0.01000,82,450.302
66,FWD,121.81960,-0.01000,82,450.396
66,FWD,121.86378,0.00000,82,450.491
66,FWD,121.91277,0.00000,82,450.601
66,FWD,121.98463,0.01000,82,450.696
66,FWD,122.05363,0.01000,82,450.790
66,FWD,122.13235,0.01000,82,450.899
66,FWD,122.23631,0.00000,82,450.993
66,FWD,122.33456,0.01000,82,451.088
66,FWD,122.44148,0.01000,82,451.198
66,FWD,122.57761,0.01000,82,451.292
66,FWD,122.70408,0.02000,82,451.402
66,FWD,122.87644,0.02000,82,451.496
66,FWD,123.00461,0.00000,82,451.590
66,FWD,123.14558,-0.00000,82,451.700
66,FWD,123.33073,0.01000,82,451.795
66,FWD,123.45130,0.01000,82,451.888
66,FWD,123.59264,-0.00000,82,451.998
66,FWD,123.75707,0.01000,82,452.092
66,FWD,123.89871,0.00000,82,452.202
66,FWD,124.06335,0.01000,82,452.297
66,FWD,124.20563,0.01000,82,452.392
66,FWD,124.34826,0.01000,82,452.502
66,FWD,124.51321,0.08000,82,452.597
66,FWD,124.65387,0.22000,82,452.723
66,FWD,124.84148,5.09000,83,452.800
66,BWD,124.86618,4.45000,83,453.146
66,BWD,124.86314,4.17000,83,453.224
66,BWD,124.85255,3.81000,83,453.319
66,BWD,124.83379,3.04000,83,453.413
66,BWD,124.80527,2.88000,83,453.507
66,BWD,124.76806,1.78000,83,453.601
66,BWD,124.72165,1.38000,83,453.695
66,BWD,124.66681,0.79000,84,453.790
66,BWD,124.60278,0.14000,84,453.899
66,BWD,124.51703,0.09000,84,453.994
66,BWD,124.43401,0.06000,84,454.088
66,BWD,124.34174,0.02000,84,454.198
66,BWD,124.22296,0.01000,84,454.292
66,BWD,124.11162,0.01000,84,454.402
66,BWD,123.96987,0.00000,84,454.497
66,BWD,123.83955,0.01000,84,454.591
66,BWD,123.70075,0.02000,84,454.701
66,BWD,123.53575,0.00000,84,454.795
66,BWD,123.39471,-0.00000,84,454.889
66,BWD,123.25301,-0.00000,84,455.001
66,BWD,123.08392,0.01000,84,455.097
66,BWD,122.94005,0.01000,84,455.193
66,BWD,122.79729,0.02000,84,455.289
66,BWD,122.66197,-0.00000,84,455.402
66,BWD,122.51520,0.01000,84,455.497
66,BWD,122.40113,0.00000,84,455.593
66,BWD,122.29588,-0.01000,84,455.688
66,BWD,122.19973,0.01000,84,455.800
66,BWD,122.09868,-0.00000,84,455.896
66,BWD,122.02203,0.01000,84,455.992
66,BWD,121.95418,0.01000,84,456.089
66,BWD,121.89565,0.02000,84,456.199
66,BWD,121.84061,0.01000,84,456.294
66,BWD,121.80280,0.02000,84,456.388
66,BWD,121.77371,0.02000,84,456.498
66,BWD,121.75131,0.01000,84,456.592
66,BWD,121.74236,0.02000,84,456.702
66,BWD,121.74119,0.01000,84,456.796
66,BWD,121.75014,0.00000,84,456.890
66,BWD,121.76626,0.00000,84,456.999
66,BWD,121.78496,0.02000,84,457.094
66,BWD,121.78998,0.01000,84,457.188
67,FWD,121.79000,0.00000,84,457.219
67,FWD,121.79317,0.01000,84,457.313
67,FWD,121.80501,0.01000,84,457.407
67,FWD,121.82579,0.01000,84,457.501
67,FWD,121.85121,-0.01000,84,457.595
67,FWD,121.88936,0.02000,84,457.690
67,FWD,121.93683,0.01000,84,457.800
67,FWD,122.00356,-0.00000,84,457.894
67,FWD,122.07119,0.02000,84,457.988
67,FWD,122.14846,-0.00000,84,458.098
67,FWD,122.24906,0.00000,84,458.192
67,FWD,122.34380,0.00000,84,458.302
67,FWD,122.45102,0.01000,84,458.396
67,FWD,122.56506,0.02000,84,458.490
67,FWD,122.70129,0.02000,84,458.601
67,FWD,122.84579,0.01000,84,458.694
67,FWD,122.98888,0.01000,84,458.788
67,FWD,123.13903,0.01000,84,458.891
67,FWD,123.27304,0.01000,84,458.995
67,FWD,123.44246,0.01000,84,459.091
67,FWD,123.57455,-0.01000,84,459.162
67,FWD,123.68213,0.00000,84,459.232
67,FWD,123.78471,-0.00000,84,459.297
67,FWD,123.88965,0.00000,84,459.392
67,FWD,124.06990,-0.02000,84,459.492
67,FWD,124.17519,0.01000,84,459.558
67,FWD,124.29326,0.06000,84,459.638
67,FWD,124.39742,0.01000,84,459.709
67,FWD,124.51761,0.06000,84,459.802
67,FWD,124.65903,0.15000,84,459.898
67,FWD,124.79962,3.46000,85,459.990
67,BWD,124.84731,4.09000,85,460.352
67,BWD,124.84288,3.86000,85,460.447
67,BWD,124.82965,3.80000,85,460.540
67,BWD,124.81000,3.36000,85,460.627
67,BWD,124.78023,2.65000,85,460.710
67,BWD,124.75018,1.89000,85,460.791
67,BWD,124.70434,1.31000,85,460.902
67,BWD,124.63710,0.23000,85,460.995
67,BWD,124.57449,0.13000,85,461.090
67,BWD,124.50009,0.08000,85,461.188
67,BWD,124.42119,0.05000,85,461.290
67,BWD,124.31336,0.01000,85,461.400
67,BWD,124.19361,0.00000,85,461.495
67,BWD,124.08070,-0.01000,85,461.590
67,BWD,123.96124,0.01000,85,461.699
67,BWD,123.80688,0.00000,85,461.794
67,BWD,123.66742,0.00000,85,461.888
67,BWD,123.52605,0.00000,85,461.998
67,BWD,123.36157,-0.01000,85,462.092
67,BWD,123.21953,-0.01000,85,462.202
67,BWD,123.05490,-0.00000,85,462.297
67,BWD,122.91388,0.01000,85,462.391
67,BWD,122.77320,0.02000,85,462.501
67,BWD,122.62197,0.02000,85,462.595
67,BWD,122.50126,-0.00000,85,462.690
67,BWD,122.38958,-0.01000,85,462.794
67,BWD,122.27505,0.02000,85,462.892
67,BWD,122.19037,-0.01000,85,462.958
67,BWD,122.11919,0.01000,85,463.043
67,BWD,122.05362,0.01000,85,463.124
67,BWD,121.98584,0.00000,85,463.203
67,BWD,121.93610,0.02000,85,463.297
67,BWD,121.88197,0.01000,85,463.391
67,BWD,121.83374,0.01000,85,463.490
67,BWD,121.79739,0.01000,85,463.600
67,BWD,121.76623,0.02000,85,463.695
67,BWD,121.74898,0.01000,85,463.792
67,BWD,121.74072,0.01000,85,463.901
67,BWD,121.74228,-0.00000,85,463.996
67,BWD,121.75306,-0.00000,85,464.090
67,BWD,121.77172,0.02000,85,464.200
67,BWD,121.78576,0.00000,85,464.300
68,FWD,121.78962,0.02000,85,464.342
68,FWD,121.79461,0.01000,85,464.426
68,FWD,121.80974,0.01000,85,464.508
68,FWD,121.82574,0.01000,85,464.592
68,FWD,121.85188,-0.01000,85,464.658
68,FWD,121.87752,0.00000,85,464.725
68,FWD,121.90825,0.00000,85,464.796
68,FWD,121.94617,-0.00000,85,464.889
68,FWD,122.00314,0.02000,85,464.958
68,FWD,122.04849,0.00000,85,465.026
68,FWD,122.11047,-0.02000,85,465.106
68,FWD,122.17663,0.01000,85,465.200
68,FWD,122.26382,0.00000,85,465.294
68,FWD,122.35997,-0.00000,85,465.389
68,FWD,122.46513,0.01000,85,465.498
68,FWD,122.59885,0.01000,85,465.593
68,FWD,122.72376,0.01000,85,465.687
68,FWD,122.85642,0.00000,85,465.766
68,FWD,122.97272,-0.00000,85,465.844
68,FWD,123.09061,0.00000,85,465.922
68,FWD,123.20831,0.01000,85,466.001
68,FWD,123.32630,0.01000,85,466.095
68,FWD,123.46733,0.00000,85,466.189
68,FWD,123.60862,0.00000,85,466.299
68,FWD,123.75502,0.01000,85,466.389
68,FWD,123.89173,0.00000,85,466.489
68,FWD,124.05891,0.01000,85,466.599
68,FWD,124.22357,0.01000,85,466.693
68,FWD,124.34721,-0.00000,85,466.788
68,FWD,124.49106,0.07000,85,466.866
68,FWD,124.62374,0.17000,85,466.944
68,FWD,124.72322,0.88000,86,467.007
68,BWD,124.74180,2.39000,86,467.339
68,BWD,124.73930,2.33000,86,467.410
68,BWD,124.73019,2.23000,86,467.492
68,BWD,124.71743,1.93000,86,467.591
68,BWD,124.69077,1.57000,86,467.659
68,BWD,124.66653,1.10000,86,467.726
68,BWD,124.63834,0.65000,86,467.794
68,BWD,124.60554,0.26000,86,467.860
68,BWD,124.55194,0.15000,86,467.959
68,BWD,124.50513,0.08000,86,468.027
68,BWD,124.44469,0.05000,86,468.110
68,BWD,124.38578,0.03000,86,468.198
68,BWD,124.30357,0.02000,86,468.294
68,BWD,124.20591,0.00000,86,468.392
68,BWD,124.11255,0.00000,86,468.460
68,BWD,124.01813,-0.00000,86,468.541
68,BWD,123.92065,0.00000,86,468.619
68,BWD,123.81860,0.01000,86,468.709
68,BWD,123.70581,0.00000,86,468.794
68,BWD,123.56884,0.02000,86,468.892
68,BWD,123.43575,0.01000,86,468.959
68,BWD,123.33538,0.00000,86,469.030
68,BWD,123.21086,0.02000,86,469.126
68,BWD,123.06223,-0.01000,86,469.209
68,BWD,122.95930,0.00000,86,469.294
68,BWD,122.81535,0.00000,86,469.393
68,BWD,122.69175,0.01000,86,469.490
68,BWD,122.54532,0.01000,86,469.592
68,BWD,122.41996,0.00000,86,469.694
68,BWD,122.30939,0.00000,86,469.788
68,BWD,122.20672,0.01000,86,469.898
68,BWD,122.11257,0.01000,86,469.987
68,BWD,122.04498,-0.01000,86,470.057
68,BWD,121.99603,0.01000,86,470.120
68,BWD,121.95258,0.01000,86,470.188
68,BWD,121.90887,0.00000,86,470.258
68,BWD,121.86604,0.01000,86,470.338
68,BWD,121.82969,-0.01000,86,470.416
68,BWD,121.80291,0.02000,86,470.495
68,BWD,121.77522,0.01000,86,470.591
68,BWD,121.75429,0.02000,86,470.702
68,BWD,121.74164,0.00000,86,470.797
68,BWD,121.74050,-0.00000,86,470.891
68,BWD,121.74790,-0.00000,86,471.001
68,BWD,121.76880,0.01000,86,471.096
68,BWD,121.78320,0.01000,86,471.190
68,BWD,121.78973,-0.00000,86,471.300
69,FWD,121.79000,-0.00000,86,471.347
69,FWD,121.79408,0.01000,86,471.425
69,FWD,121.80430,0.00000,86,471.504
69,FWD,121.82069,0.00000,86,471.598
69,FWD,121.84850,-0.00000,86,471.692
69,FWD,121.88506,-0.00000,86,471.792
69,FWD,121.93227,0.02000,86,471.895
69,FWD,121.98792,0.01000,86,471.958
69,FWD,122.02822,0.02000,86,472.027
69,FWD,122.07961,0.01000,86,472.090
69,FWD,122.12901,0.02000,86,472.154
69,FWD,122.18482,0.03000,86,472.222
69,FWD,122.25371,0.00000,86,472.309
69,FWD,122.35603,-0.00000,86,472.404
69,FWD,122.44028,0.00000,86,472.492
69,FWD,122.55609,0.01000,86,472.592
69,FWD,122.66657,-0.01000,86,472.694
69,FWD,122.82547,0.03000,86,472.792
69,FWD,122.95171,-0.00000,86,472.861
69,FWD,123.05495,0.02000,86,472.928
69,FWD,123.15582,0.01000,86,473.011
69,FWD,123.30095,0.02000,86,473.094
69,FWD,123.42570,0.00000,86,473.192
69,FWD,123.55096,0.01000,86,473.259
69,FWD,123.65067,0.00000,86,473.324
69,FWD,123.75093,0.01000,86,473.392
69,FWD,123.87556,0.00000,86,473.490
69,FWD,124.01720,0.02000,86,473.591
69,FWD,124.14934,0.03000,86,473.659
69,FWD,124.28341,0.01000,86,473.793
69,FWD,124.45184,0.08000,86,473.891
69,FWD,124.60076,0.22000,86,473.962
69,FWD,124.72481,0.60000,87,474.041
69,BWD,124.74940,2.64000,87,474.390
69,BWD,124.74567,2.54000,87,474.458
69,BWD,124.73777,2.36000,87,474.524
69,BWD,124.72507,2.14000,87,474.609
69,BWD,124.69859,1.49000,87,474.692
69,BWD,124.67075,1.31000,87,474.792
69,BWD,124.63099,0.72000,87,474.862
69,BWD,124.59409,0.17000,87,474.943
69,BWD,124.54582,0.11000,87,475.025
69,BWD,124.48815,0.08000,87,475.097
69,BWD,124.42719,0.09000,87,475.190
69,BWD,124.35555,0.04000,87,475.260
69,BWD,124.27788,0.00000,87,475.361
69,BWD,124.18899,0.01000,87,475.441
69,BWD,124.10023,-0.00000,87,475.511
69,BWD,124.00627,0.02000,87,475.591
69,BWD,123.90746,-0.01000,87,475.701
69,BWD,123.75836,0.01000,87,475.795
69,BWD,123.62096,0.01000,87,475.891
69,BWD,123.47903,0.01000,87,476.000
69,BWD,123.31538,0.01000,87,476.094
69,BWD,123.17945,0.01000,87,476.191
69,BWD,123.04509,0.01000,87,476.292
69,BWD,122.87879,0.00000,87,476.391
69,BWD,122.73199,0.00000,87,476.501
69,BWD,122.58388,0.00000,87,476.595
69,BWD,122.46593,0.01000,87,476.689
69,BWD,122.35682,0.02000,87,476.787
69,BWD,122.25858,-0.00000,87,476.860
69,BWD,122.19315,0.01000,87,476.944
69,BWD,122.11531,0.01000,87,477.013
69,BWD,122.05003,0.01000,87,477.091
69,BWD,121.98972,0.00000,87,477.188
69,BWD,121.92899,0.00000,87,477.293
69,BWD,121.87463,0.01000,87,477.389
69,BWD,121.82938,0.01000,87,477.499
69,BWD,121.78824,0.01000,87,477.593
70,FWD,121.77000,0.02000,87,477.640
70,FWD,121.75269,0.01000,87,477.719
70,FWD,121.74326,0.00000,87,477.798
70,FWD,121.74003,0.00000,87,477.889
70,FWD,121.74399,0.01000,87,477.999
70,FWD,121.75984,0.00000,87,478.093
70,FWD,121.78311,0.02000,87,478.188
70,FWD,121.81507,-0.00000,87,478.297
70,FWD,121.85940,-0.01000,87,478.392
70,FWD,121.91086,0.01000,87,478.502
70,FWD,121.98328,0.01000,87,478.597
70,FWD,122.05402,0.01000,87,478.691
70,FWD,122.13463,-0.00000,87,478.801
70,FWD,122.24117,0.00000,87,478.895
70,FWD,122.33904,0.01000,87,478.990
70,FWD,122.44734,0.01000,87,479.100
70,FWD,122.58476,0.02000,87,479.194
70,FWD,122.71136,0.00000,87,479.288
70,FWD,122.84944,0.00000,87,479.398
70,FWD,123.01228,0.01000,87,479.492
70,FWD,123.15381,0.01000,87,479.587
70,FWD,123.30415,0.00000,87,479.697
70,FWD,123.45945,-0.00000,87,479.792
70,FWD,123.60084,0.00000,87,479.901
70,FWD,123.76773,0.01000,87,479.996
70,FWD,123.90835,0.02000,87,480.090
70,FWD,124.05001,0.01000,87,480.200
70,FWD,124.21558,0.01000,87,480.295
70,FWD,124.35648,-0.00000,87,480.390
70,FWD,124.49689,0.06000,87,480.498
70,FWD,124.66754,1.45000,87,480.595
70,FWD,124.81884,3.70000,88,480.687
70,BWD,124.85243,4.48000,88,481.033
70,BWD,124.84940,4.20000,88,481.111
70,BWD,124.83862,4.26000,88,481.190
70,BWD,124.82256,3.28000,88,481.299
70,BWD,124.78940,2.68000,88,481.394
70,BWD,124.75188,2.08000,88,481.487
70,BWD,124.70508,1.47000,89,481.598
70,BWD,124.63927,0.27000,89,481.692
70,BWD,124.57346,0.12000,89,481.802
70,BWD,124.48524,0.10000,89,481.917
70,BWD,124.38512,0.00000,89,481.990
70,BWD,124.30608,0.01000,89,482.100
70,BWD,124.18457,-0.00000,89,482.195
70,BWD,124.07150,-0.01000,89,482.289
70,BWD,123.94982,0.00000,89,482.398
70,BWD,123.79626,0.01000,89,482.492
70,BWD,123.65569,0.01000,89,482.619
70,BWD,123.45987,0.01000,89,482.712
70,BWD,123.32478,-0.00000,89,482.792
70,BWD,123.20742,0.01000,89,482.901
70,BWD,123.04241,0.00000,89,482.996
70,BWD,122.90103,0.02000,89,483.091
70,BWD,122.76228,-0.00000,89,483.200
70,BWD,122.61128,-0.00000,89,483.294
70,BWD,122.49165,-0.02000,89,483.388
70,BWD,122.38084,0.02000,89,483.498
70,BWD,122.26217,-0.01000,89,483.592
70,BWD,122.16895,-0.00000,89,483.688
70,BWD,122.08611,-0.01000,89,483.766
70,BWD,122.02393,0.00000,89,483.844
70,BWD,121.96746,0.01000,89,483.924
70,BWD,121.91754,0.00000,89,484.003
70,BWD,121.87387,-0.00000,89,484.096
70,BWD,121.82956,0.00000,89,484.191
70,BWD,121.79416,0.00000,89,484.300
71,FWD,121.77248,0.01000,89,484.363
71,FWD,121.75224,0.01000,89,484.457
71,FWD,121.74191,0.01000,89,484.552
71,FWD,121.74054,-0.01000,89,484.647
71,FWD,121.74799,0.02000,89,484.724
71,FWD,121.76109,0.02000,89,484.804
71,FWD,121.78028,0.00000,89,484.897
71,FWD,121.80678,-0.00000,89,484.959
71,FWD,121.83137,0.00000,89,485.019
71,FWD,121.85888,0.00000,89,485.087
71,FWD,121.90215,0.01000,89,485.193
71,FWD,121.95821,0.00000,89,485.290
71,FWD,122.02811,0.00000,89,485.359
71,FWD,122.08488,0.00000,89,485.427
71,FWD,122.15164,0.00000,89,485.506
71,FWD,122.21606,0.02000,89,485.590
71,FWD,122.29947,0.00000,89,485.692
71,FWD,122.41284,0.01000,89,485.759
71,FWD,122.49651,0.01000,89,485.843
71,FWD,122.59934,0.01000,89,485.900
71,FWD,122.67771,0.01000,89,485.987
71,FWD,122.79805,0.01000,89,486.043
71,FWD,122.88315,0.01000,89,486.106
71,FWD,122.97845,0.00000,89,486.187
71,FWD,123.09835,-0.00000,89,486.251
71,FWD,123.19514,0.01000,89,486.315
71,FWD,123.30304,-0.00000,89,486.408
71,FWD,123.43027,0.01000,89,486.493
71,FWD,123.57888,-0.01000,89,486.590
71,FWD,123.70383,0.01000,89,486.650
71,FWD,123.79395,0.00000,89,486.722
71,FWD,123.90343,0.00000,89,486.806
71,FWD,124.02742,0.01000,89,486.890
71,FWD,124.16883,0.01000,89,486.999
71,FWD,124.33315,0.01000,89,487.093
71,FWD,124.45654,0.05000,89,487.187
71,FWD,124.60010,0.15000,89,487.265
71,FWD,124.73350,2.93000,90,487.344
71,BWD,124.75752,2.67000,90,487.690
71,BWD,124.75444,2.59000,90,487.800
71,BWD,124.73978,2.44000,90,487.894
71,BWD,124.71755,2.09000,90,487.988
71,BWD,124.68952,1.09000,90,488.058
71,BWD,124.66262,1.18000,91,488.123
71,BWD,124.63177,0.67000,91,488.190
71,BWD,124.59566,0.24000,91,488.248
71,BWD,124.55434,0.18000,91,488.341
71,BWD,124.49926,0.07000,91,488.409
71,BWD,124.44112,0.05000,91,488.492
71,BWD,124.37862,0.06000,91,488.557
71,BWD,124.30901,0.02000,91,488.636
71,BWD,124.23152,0.00000,91,488.715
71,BWD,124.14822,0.01000,91,488.793
71,BWD,124.06051,0.00000,91,488.887
71,BWD,123.95264,0.01000,91,488.954
71,BWD,123.87167,0.00000,91,489.020
71,BWD,123.78070,0.01000,91,489.095
71,BWD,123.65736,0.00000,91,489.194
71,BWD,123.52573,0.01000,91,489.261
71,BWD,123.42470,0.01000,91,489.328
71,BWD,123.32310,0.00000,91,489.410
71,BWD,123.20134,0.02000,91,489.492
71,BWD,123.07876,0.01000,91,489.592
71,BWD,122.92924,-0.00000,91,489.659
71,BWD,122.82795,0.00000,91,489.727
71,BWD,122.73093,-0.01000,91,489.794
71,BWD,122.61906,0.00000,91,489.894
71,BWD,122.50771,-0.02000,91,489.993
71,BWD,122.39175,-0.00000,91,490.059
71,BWD,122.31847,0.01000,91,490.127
71,BWD,122.24789,0.02000,91,490.193
71,BWD,122.18395,0.03000,91,490.291
71,BWD,122.08566,0.01000,91,490.401
71,BWD,122.00034,-0.00000,91,490.489
71,BWD,121.94123,0.00000,91,490.599
71,BWD,121.87740,0.00000,91,490.694
71,BWD,121.82782,0.01000,91,490.788
71,BWD,121.79629,0.00000,91,490.898
71,BWD,121.76534,0.01000,91,490.992
71,BWD,121.74860,0.01000,91,491.086
71,BWD,121.74066,0.00000,91,491.196
71,BWD,121.74239,0.01000,91,491.291
71,BWD,121.75217,0.00000,91,491.392
71,BWD,121.77359,0.01000,91,491.488
71,BWD,121.78545,0.00000,91,491.591
72,FWD,121.78951,0.01000,91,491.625
72,FWD,121.79416,0.02000,91,491.692
72,FWD,121.80392,0.02000,91,491.788
72,FWD,121.82384,-0.00000,91,491.850
72,FWD,121.84270,0.00000,91,491.913
72,FWD,121.86543,0.01000,91,491.988
72,FWD,121.89835,0.04000,91,492.057
72,FWD,121.93129,0.01000,91,492.124
72,FWD,121.97021,0.00000,91,492.193
72,FWD,122.01426,0.01000,91,492.291
72,FWD,122.08408,0.00000,91,492.388
72,FWD,122.16235,0.01000,91,492.455
72,FWD,122.22454,0.01000,91,492.528
72,FWD,122.29297,0.01000,91,492.609
72,FWD,122.37827,0.00000,91,492.694
72,FWD,122.47369,0.00000,91,492.760
72,FWD,122.55396,0.00000,91,492.827
72,FWD,122.65744,0.01000,91,492.911
72,FWD,122.76970,0.01000,91,492.991
72,FWD,122.86783,-0.01000,91,493.088
72,FWD,123.01567,0.00000,91,493.158
72,FWD,123.11639,0.02000,91,493.225
72,FWD,123.21631,0.02000,91,493.291
72,FWD,123.31540,-0.00000,91,493.358
72,FWD,123.41734,-0.01000,91,493.439
72,FWD,123.54273,0.01000,91,493.508
72,FWD,123.66299,0.00000,91,493.590
72,FWD,123.78077,0.00000,91,493.700
72,FWD,123.94543,0.01000,91,493.794
72,FWD,124.08707,0.04000,91,493.889
72,FWD,124.21522,0.01000,91,493.989
72,FWD,124.37954,0.01000,91,494.099
72,FWD,124.54426,0.18000,91,494.193
72,FWD,124.68597,0.85000,92,494.287
72,BWD,124.73385,2.37000,92,494.634
72,BWD,124.73022,2.31000,92,494.713
72,BWD,124.72048,2.28000,92,494.792
72,BWD,124.70457,1.72000,92,494.901
72,BWD,124.67190,1.34000,93,494.995
72,BWD,124.63437,0.92000,93,495.089
72,BWD,124.58778,0.18000,93,495.199
72,BWD,124.52251,0.13000,93,495.293
72,BWD,124.45689,0.07000,93,495.387
72,BWD,124.38230,0.06000,93,495.497
72,BWD,124.28484,-0.00000,93,495.591
72,BWD,124.19091,0.01000,93,495.701
72,BWD,124.07029,0.00000,93,495.795
72,BWD,123.95724,0.02000,93,495.890
72,BWD,123.83514,0.00000,93,496.000
72,BWD,123.68123,-0.00000,93,496.094
72,BWD,123.54075,-0.00000,93,496.189
72,BWD,123.41582,0.02000,93,496.289
72,BWD,123.24826,0.01000,93,496.399
72,BWD,123.08281,0.00000,93,496.495
72,BWD,122.94116,0.02000,93,496.588
72,BWD,122.81738,0.00000,93,496.698
72,BWD,122.64744,0.00000,93,496.792
72,BWD,122.52468,0.02000,93,496.886
72,BWD,122.41769,0.02000,93,496.996
72,BWD,122.29011,0.01000,93,497.090
72,BWD,122.19552,0.01000,93,497.200
72,BWD,122.09661,0.00000,93,497.296
72,BWD,122.02117,0.01000,93,497.390
72,BWD,121.95483,0.01000,93,497.499
72,BWD,121.89416,-0.01000,93,497.594
72,BWD,121.84592,0.02000,93,497.687
72,BWD,121.80660,-0.01000,93,497.797
72,BWD,121.77182,0.01000,93,497.893
72,BWD,121.75223,0.01000,93,498.002
72,BWD,121.74097,0.02000,93,498.096
72,BWD,121.74108,0.01000,93,498.190
72,BWD,121.74982,0.01000,93,498.299
72,BWD,121.76820,0.01000,93,498.393
72,BWD,121.78469,0.01000,93,498.487
72,BWD,121.78996,0.03000,93,498.598
73,FWD,121.79000,0.01000,93,498.629
73,FWD,121.79350,0.01000,93,498.709
73,FWD,121.80309,0.01000,93,498.788
73,FWD,121.81903,0.02000,93,498.897
73,FWD,121.85114,0.00000,93,498.991
73,FWD,121.88910,-0.00000,93,499.101
73,FWD,121.94365,0.00000,93,499.194
73,FWD,122.00076,0.00000,93,499.289
73,FWD,122.06661,0.02000,93,499.400
73,FWD,122.15417,0.03000,93,499.494
73,FWD,122.23922,0.00000,93,499.588
73,FWD,122.33768,0.01000,93,499.699
73,FWD,122.45239,0.01000,93,499.792
73,FWD,122.56975,0.01000,93,499.886
73,FWD,122.70090,0.00000,93,499.997
73,FWD,122.84222,0.00000,93,500.091
73,FWD,122.98207,0.01000,93,500.200
73,FWD,123.14611,0.00000,93,500.295
73,FWD,123.28804,0.00000,93,500.389
73,FWD,123.42972,0.01000,93,500.499
73,FWD,123.59839,0.01000,93,500.592
73,FWD,123.71642,0.02000,93,500.654
73,FWD,123.81113,0.02000,93,500.720
73,FWD,123.91022,0.02000,93,500.786
73,FWD,124.00925,0.00000,93,500.846
73,FWD,124.11486,0.01000,93,500.926
73,FWD,124.21676,-0.01000,93,500.990
73,FWD,124.31516,0.01000,93,501.059
73,FWD,124.41677,0.01000,93,501.125
73,FWD,124.52245,0.08000,93,501.204
73,FWD,124.63560,0.99000,93,501.290
73,FWD,124.76556,3.06000,94,501.391
73,BWD,124.83917,4.29000,94,501.730
73,BWD,124.83654,4.12000,94,501.790
73,BWD,124.83043,3.84000,94,501.856
73,BWD,124.81980,3.49000,94,501.920
73,BWD,124.80475,3.17000,94,501.992
73,BWD,124.78381,2.61000,94,502.092
73,BWD,124.73927,1.99000,94,502.189
73,BWD,124.69280,1.41000,95,502.298
73,BWD,124.62698,0.25000,95,502.394
73,BWD,124.56065,0.14000,95,502.488
73,BWD,124.48621,0.09000,95,502.565
73,BWD,124.42722,0.03000,95,502.649
73,BWD,124.34939,0.02000,95,502.727
73,BWD,124.25550,0.01000,95,502.807
73,BWD,124.16723,0.01000,95,502.901
73,BWD,124.05382,0.00000,95,502.994
73,BWD,123.93126,0.02000,95,503.089
73,BWD,123.80008,-0.00000,95,503.198
73,BWD,123.63623,0.00000,95,503.293
73,BWD,123.49490,-0.00000,95,503.387
73,BWD,123.35452,0.00000,95,503.497
73,BWD,123.18921,0.01000,95,503.592
73,BWD,123.04819,0.01000,95,503.701
73,BWD,122.88291,0.03000,95,503.795
73,BWD,122.74578,0.02000,95,503.889
73,BWD,122.61626,0.01000,95,503.999
73,BWD,122.47643,0.02000,95,504.094
73,BWD,122.37930,0.00000,95,504.161
73,BWD,122.29869,-0.03000,95,504.241
73,BWD,122.22215,-0.00000,95,504.312
73,BWD,122.14527,0.01000,95,504.408
73,BWD,122.06473,0.00000,95,504.486
73,BWD,122.01164,0.01000,95,504.558
73,BWD,121.96244,0.01000,95,504.625
73,BWD,121.91335,-0.00000,95,504.704
73,BWD,121.86999,-0.00000,95,504.798
73,BWD,121.82664,-0.00000,95,504.891
73,BWD,121.79179,0.01000,95,504.985
74,FWD,121.77231,0.01000,95,505.048
74,FWD,121.75352,0.01000,95,505.143
74,FWD,121.74246,0.01000,95,505.222
74,FWD,121.74004,0.00000,95,505.301
74,FWD,121.74385,0.00000,95,505.395
74,FWD,121.75652,0.00000,95,505.489
74,FWD,121.77797,-0.01000,95,505.598
74,FWD,121.81424,-0.00000,95,505.692
74,FWD,121.85487,0.00000,95,505.786
74,FWD,121.90462,0.00000,95,505.892
74,FWD,121.96353,0.00000,95,505.985
74,FWD,122.02888,0.00000,95,506.052
74,FWD,122.08698,0.00000,95,506.126
74,FWD,122.14499,0.00000,95,506.192
74,FWD,122.20724,0.01000,95,506.250
74,FWD,122.27193,0.00000,95,506.326
74,FWD,122.35870,0.02000,95,506.393
74,FWD,122.42115,0.00000,95,506.493
74,FWD,122.54304,0.01000,95,506.559
74,FWD,122.63342,0.00000,95,506.626
74,FWD,122.74287,0.00000,95,506.709
74,FWD,122.85744,0.01000,95,506.787
74,FWD,122.96025,-0.01000,95,506.897
74,FWD,123.14045,0.01000,95,506.991
74,FWD,123.27164,0.00000,95,507.086
74,FWD,123.41267,0.01000,95,507.190
74,FWD,123.56629,-0.01000,95,507.293
74,FWD,123.72750,0.00000,95,507.392
74,FWD,123.87135,0.01000,95,507.488
74,FWD,124.01530,-0.01000,95,507.598
74,FWD,124.19193,0.01000,95,507.692
74,FWD,124.32669,0.02000,95,507.787
74,FWD,124.45856,0.09000,95,507.858
74,FWD,124.58495,0.20000,95,507.931
74,FWD,124.69263,0.41000,95,508.010
74,FWD,124.81092,4.61000,96,508.092
74,BWD,124.83871,4.21000,96,508.455
74,BWD,124.83444,3.98000,96,508.548
74,BWD,124.82140,3.89000,96,508.626
74,BWD,124.80371,3.01000,96,508.704
74,BWD,124.78305,2.49000,96,508.799
74,BWD,124.74644,1.88000,96,508.893
74,BWD,124.70244,0.93000,97,508.958
74,BWD,124.65965,0.64000,97,509.038
74,BWD,124.60976,0.26000,97,509.117
74,BWD,124.55569,0.15000,97,509.194
74,BWD,124.49236,0.09000,97,509.288
74,BWD,124.40818,0.04000,97,509.398
74,BWD,124.30239,0.02000,97,509.491
74,BWD,124.20967,0.01000,97,509.593
74,BWD,124.09442,-0.00000,97,509.661
74,BWD,124.01028,0.01000,97,509.727
74,BWD,123.91213,0.00000,97,509.810
74,BWD,123.80678,0.01000,97,509.893
74,BWD,123.68105,0.01000,97,509.994
74,BWD,123.53365,0.02000,97,510.060
74,BWD,123.43517,-0.03000,97,510.127
74,BWD,123.33350,0.01000,97,510.193
74,BWD,123.23546,0.02000,97,510.291
74,BWD,123.08436,0.01000,97,510.393
74,BWD,122.93484,0.00000,97,510.459
74,BWD,122.83532,0.00000,97,510.526
74,BWD,122.73374,0.01000,97,510.609
74,BWD,122.61771,-0.00000,97,510.696
74,BWD,122.49728,-0.00000,97,510.793
74,BWD,122.38001,0.01000,97,510.888
74,BWD,122.28935,0.01000,97,510.950
74,BWD,122.21922,0.00000,97,511.042
74,BWD,122.14282,0.02000,97,511.124
74,BWD,122.07121,0.01000,97,511.189
74,BWD,122.02137,0.00000,97,511.254
74,BWD,121.97527,0.00000,97,511.318
74,BWD,121.92955,0.01000,97,511.393
74,BWD,121.88947,0.02000,97,511.493
74,BWD,121.83984,0.00000,97,511.595
74,BWD,121.79946,0.02000,97,511.660
74,BWD,121.77898,0.00000,97,511.727
74,BWD,121.76227,0.01000,97,511.810
74,BWD,121.74711,-0.01000,97,511.892
74,BWD,121.74113,-0.00000,97,511.992
74,BWD,121.74213,0.01000,97,512.091
74,BWD,121.75278,0.02000,97,512.186
74,BWD,121.77127,0.00000,97,512.290
74,BWD,121.78498,-0.01000,97,512.386
74,BWD,121.79000,0.01000,97,512.459
75,FWD,121.79000,0.01000,97,512.492
75,FWD,121.79381,0.01000,97,512.587
75,FWD,121.80423,0.01000,97,512.644
75,FWD,121.81596,0.00000,97,512.710
75,FWD,121.83281,0.00000,97,512.786
75,FWD,121.85855,-0.00000,97,512.852
75,FWD,121.88448,0.00000,97,512.917
75,FWD,121.91483,-0.00000,97,512.986
75,FWD,121.95148,0.00000,97,513.052
75,FWD,121.99337,-0.00000,97,513.126
75,FWD,122.04076,-0.01000,97,513.193
75,FWD,122.09138,0.03000,97,513.253
75,FWD,122.13918,0.00000,97,513.322
75,FWD,122.19919,0.01000,97,513.393
75,FWD,122.28030,0.01000,97,513.491
75,FWD,122.36810,-0.01000,97,513.595
75,FWD,122.49522,-0.00000,97,513.686
75,FWD,122.59390,0.01000,97,513.750
75,FWD,122.67937,0.01000,97,513.814
75,FWD,122.76926,0.02000,97,513.886
75,FWD,122.86855,0.01000,97,513.956
75,FWD,122.97223,0.01000,97,514.022
75,FWD,123.07555,0.01000,97,514.091
75,FWD,123.19388,0.01000,97,514.186
75,FWD,123.33562,0.01000,97,514.296
75,FWD,123.49899,-0.01000,97,514.393
75,FWD,123.64787,0.01000,97,514.488
75,FWD,123.78953,0.00000,97,514.598
75,FWD,123.95387,0.01000,97,514.687
75,FWD,124.07318,0.02000,97,514.757
75,FWD,124.18649,0.01000,97,514.835
75,FWD,124.32333,-0.00000,97,514.931
75,FWD,124.45120,0.11000,97,515.024
75,FWD,124.59130,0.80000,97,515.118
75,FWD,124.71443,2.33000,98,515.196
75,BWD,124.75730,2.74000,98,515.544
75,BWD,124.75391,2.62000,98,515.623
75,BWD,124.74438,2.45000,98,515.699
75,BWD,124.72867,2.33000,98,515.794
75,BWD,124.70161,1.41000,98,515.888
75,BWD,124.66553,0.97000,99,515.998
75,BWD,124.61226,0.54000,99,516.093
75,BWD,124.55682,0.21000,99,516.187
75,BWD,124.50059,0.08000,99,516.297
75,BWD,124.40684,0.04000,99,516.391
75,BWD,124.33450,0.01000,99,516.458
75,BWD,124.25932,0.01000,99,516.537
75,BWD,124.17753,0.00000,99,516.615
75,BWD,124.08942,0.00000,99,516.694
75,BWD,123.99539,0.01000,99,516.788
75,BWD,123.87408,-0.01000,99,516.899
75,BWD,123.72245,0.01000,99,516.993
75,BWD,123.58270,0.01000,99,517.087
75,BWD,123.44109,0.00000,99,517.197
75,BWD,123.28708,0.00000,99,517.294
75,BWD,123.13002,0.01000,99,517.389
75,BWD,122.98808,0.01000,99,517.494
75,BWD,122.84137,0.01000,99,517.589
75,BWD,122.70647,0.01000,99,517.692
75,BWD,122.57339,0.01000,99,517.809
75,BWD,122.43097,0.01000,99,517.889
75,BWD,122.33947,0.00000,99,517.956
75,BWD,122.25629,0.00000,99,518.035
75,BWD,122.19015,0.01000,99,518.098
75,BWD,122.13130,0.01000,99,518.188
75,BWD,122.05497,0.01000,99,518.255
75,BWD,122.00545,0.01000,99,518.322
75,BWD,121.95824,0.05000,99,518.386
75,BWD,121.91795,0.01000,99,518.456
75,BWD,121.87795,-0.00000,99,518.529
75,BWD,121.84371,0.00000,99,518.595
75,BWD,121.81261,0.00000,99,518.691
75,BWD,121.78274,0.01000,99,518.754
75,BWD,121.76523,0.02000,99,518.828
75,BWD,121.75038,0.01000,99,518.912
75,BWD,121.74253,0.02000,99,518.988
75,BWD,121.74005,0.01000,99,519.058
75,BWD,121.74247,0.01000,99,519.126
75,BWD,121.75111,-0.01000,99,519.204
75,BWD,121.76429,0.02000,99,519.295
75,BWD,121.78097,-0.02000,99,519.395
75,BWD,121.78962,0.00000,99,519.494
76,FWD,121.79000,-0.00000,99,519.528
76,FWD,121.79291,0.02000,99,519.608
76,FWD,121.80240,0.05000,99,519.688
76,FWD,121.81783,0.00000,99,519.786
76,FWD,121.84763,0.02000,99,519.857
76,FWD,121.87807,-0.01000,99,519.938
76,FWD,121.91428,0.01000,99,520.016
76,FWD,121.95491,0.00000,99,520.095
76,FWD,122.00523,0.02000,99,520.190
76,FWD,122.07102,0.02000,99,520.299
76,FWD,122.15952,-0.01000,99,520.394
76,FWD,122.24352,-0.01000,99,520.493
76,FWD,122.35387,0.03000,99,520.586
76,FWD,122.44782,0.02000,99,520.696
76,FWD,122.57976,0.01000,99,520.788
76,FWD,122.68826,0.02000,99,520.886
76,FWD,122.82488,0.01000,99,520.991
76,FWD,122.97569,0.01000,99,521.058
76,FWD,123.07569,0.01000,99,521.116
76,FWD,123.17324,-0.00000,99,521.191
76,FWD,123.29488,0.01000,99,521.287
76,FWD,123.43653,0.01000,99,521.397
76,FWD,123.60096,0.00000,99,521.492
76,FWD,123.74644,0.01000,99,521.592
76,FWD,123.89416,0.01000,99,521.686
76,FWD,124.03492,0.02000,99,521.796
76,FWD,124.20082,0.01000,99,521.890
76,FWD,124.32359,0.02000,99,521.958
76,FWD,124.44273,0.07000,99,522.037
76,FWD,124.54656,0.18000,99,522.115
76,FWD,124.67836,0.42000,100,522.193
76,BWD,124.70122,1.92000,100,522.542
76,BWD,124.69769,1.87000,100,522.608
76,BWD,124.68761,1.71000,100,522.689
76,BWD,124.67160,1.42000,100,522.799
76,BWD,124.64055,1.09000,100,522.891
76,BWD,124.60131,0.27000,100,522.987
76,BWD,124.55463,0.19000,100,523.097
76,BWD,124.48907,0.12000,100,523.192
76,BWD,124.42294,0.08000,100,523.286
76,BWD,124.34840,0.01000,100,523.365
76,BWD,124.27937,0.00000,100,523.444
76,BWD,124.21214,0.00000,100,523.522
76,BWD,124.12205,0.01000,100,523.601
76,BWD,124.03429,0.01000,100,523.695
76,BWD,123.92072,0.01000,100,523.786
76,BWD,123.81123,-0.00000,100,523.859
76,BWD,123.71613,-0.00000,100,523.938
76,BWD,123.59151,0.01000,100,524.024
76,BWD,123.44012,0.01000,100,524.119
76,BWD,123.31731,0.00000,100,524.197
76,BWD,123.20072,0.01000,100,524.290
76,BWD,123.05967,-0.00000,100,524.385
76,BWD,122.91814,0.01000,100,524.495
76,BWD,122.75616,0.00000,100,524.589
76,BWD,122.62604,0.00000,100,524.699
76,BWD,122.48584,0.01000,100,524.793
76,BWD,122.37550,-0.01000,100,524.887
76,BWD,122.27324,0.02000,100,524.997
76,BWD,122.16589,0.00000,100,525.091
76,BWD,122.08319,0.00000,100,525.186
76,BWD,122.00925,0.01000,100,525.296
76,BWD,121.93481,0.00000,100,525.390
76,BWD,121.88052,-0.01000,100,525.484
76,BWD,121.83482,0.02000,100,525.594
76,BWD,121.79304,0.01000,100,525.689
77,FWD,121.77483,0.00000,100,525.752
77,FWD,121.75385,0.01000,100,525.845
77,FWD,121.74215,0.01000,100,525.940
77,FWD,121.74021,0.00000,100,526.019
77,FWD,121.74487,0.00000,100,526.097
77,FWD,121.75568,0.00000,100,526.191
77,FWD,121.77683,0.02000,100,526.286
77,FWD,121.80677,0.00000,100,526.396
77,FWD,121.85303,0.00000,100,526.490
77,FWD,121.90240,0.00000,100,526.584
77,FWD,121.96041,0.01000,100,526.694
77,FWD,122.03938,0.00000,100,526.788
77,FWD,122.10600,-0.01000,100,526.898
77,FWD,122.21825,0.01000,100,526.993
77,FWD,122.30471,0.02000,100,527.087
77,FWD,122.41172,0.00000,100,527.197
77,FWD,122.55357,0.01000,100,527.291
77,FWD,122.67386,0.00000,100,527.385
77,FWD,122.80948,0.00000,100,527.495
77,FWD,122.97736,0.00000,100,527.590
77,FWD,123.11868,0.01000,100,527.701
77,FWD,123.28420,0.01000,100,527.794
77,FWD,123.40817,0.02000,100,527.888
77,FWD,123.55235,-0.00000,100,527.998
77,FWD,123.72006,0.01000,100,528.092
77,FWD,123.86423,0.01000,100,528.186
77,FWD,124.00779,0.00000,100,528.296
77,FWD,124.17532,0.02000,100,528.391
77,FWD,124.31948,0.01000,100,528.485
77,FWD,124.46054,0.05000,100,528.595
77,FWD,124.62644,0.14000,100,528.689
77,FWD,124.76791,3.33000,101,528.799
77,BWD,124.83977,4.26000,101,529.146
77,BWD,124.83649,4.17000,101,529.240
77,BWD,124.82436,3.79000,101,529.334
77,BWD,124.80350,2.99000,101,529.429
77,BWD,124.77361,2.68000,101,529.523
77,BWD,124.73486,1.49000,101,529.601
77,BWD,124.69619,1.48000,101,529.695
77,BWD,124.64128,0.28000,101,529.789
77,BWD,124.57729,0.15000,101,529.899
77,BWD,124.49145,0.10000,101,529.993
77,BWD,124.40555,0.05000,101,530.088
77,BWD,124.30642,0.00000,101,530.198
77,BWD,124.19684,0.02000,101,530.293
77,BWD,124.07729,0.01000,101,530.386
77,BWD,123.94750,0.01000,101,530.498
77,BWD,123.80751,0.00000,101,530.593
77,BWD,123.67314,-0.00000,101,530.687
77,BWD,123.53117,0.01000,101,530.797
77,BWD,123.36655,0.01000,101,530.891
77,BWD,123.22510,0.01000,101,530.985
77,BWD,123.08382,0.02000,101,531.096
77,BWD,122.91852,0.01000,101,531.190
77,BWD,122.77912,0.01000,101,531.299
77,BWD,122.61332,0.02000,101,531.394
77,BWD,122.50613,0.01000,101,531.488
77,BWD,122.39394,0.00000,101,531.598
77,BWD,122.27446,0.01000,101,531.692
77,BWD,122.18108,0.00000,101,531.786
77,BWD,122.09667,-0.02000,101,531.897
77,BWD,122.00980,0.01000,101,531.991
77,BWD,121.94495,0.02000,101,532.086
77,BWD,121.88861,-0.01000,101,532.196
77,BWD,121.83487,0.01000,101,532.290
77,BWD,121.79820,0.01000,101,532.386
77,BWD,121.77043,0.00000,101,532.495
77,BWD,121.74944,0.00000,101,532.589
77,BWD,121.74092,0.02000,101,532.699
77,BWD,121.74195,0.00000,101,532.793
77,BWD,121.75229,0.01000,101,532.887
77,BWD,121.77069,-0.00000,101,532.997
77,BWD,121.78627,0.01000,101,533.091
78,FWD,121.78925,0.01000,101,533.123
78,FWD,121.79599,0.01000,101,533.217
78,FWD,121.81344,0.00000,101,533.312
78,FWD,121.83539,0.01000,101,533.407
78,FWD,121.86880,0.02000,101,533.484
78,FWD,121.90353,-0.00000,101,533.564
78,FWD,121.94461,0.01000,101,533.642
78,FWD,121.99195,-0.01000,101,533.722
78,FWD,122.04517,0.01000,101,533.800
78,FWD,122.10453,0.01000,101,533.895
78,FWD,122.18372,-0.00000,101,533.989
78,FWD,122.27174,-0.01000,101,534.098
78,FWD,122.38588,0.01000,101,534.193
78,FWD,122.49320,-0.00000,101,534.287
78,FWD,122.60979,-0.00000,101,534.397
78,FWD,122.75649,0.01000,101,534.491
78,FWD,122.89209,0.01000,101,534.586
78,FWD,123.03391,0.00000,101,534.695
78,FWD,123.19865,0.00000,101,534.790
78,FWD,123.34029,0.02000,101,534.884
78,FWD,123.48159,-0.00000,101,534.994
78,FWD,123.64615,0.02000,101,535.088
78,FWD,123.78724,0.02000,101,535.199
78,FWD,123.95315,0.02000,101,535.293
78,FWD,124.09395,0.01000,101,535.386
78,FWD,124.23469,0.00000,101,535.496
78,FWD,124.40063,0.03000,101,535.591
78,FWD,124.54143,0.11000,101,535.685
78,FWD,124.68279,0.36000,102,535.795
78,BWD,124.75404,2.74000,102,536.157
78,BWD,124.74983,2.62000,102,536.251
78,BWD,124.73698,2.53000,102,536.330
78,BWD,124.71946,1.87000,102,536.408
78,BWD,124.69588,1.86000,102,536.486
78,BWD,124.66910,0.87000,102,536.596
78,BWD,124.61342,0.44000,102,536.691
78,BWD,124.55886,0.18000,102,536.786
78,BWD,124.49732,0.12000,102,536.896
78,BWD,124.41037,0.04000,102,536.991
78,BWD,124.32798,-0.00000,102,537.084
78,BWD,124.23633,-0.01000,102,537.194
78,BWD,124.13085,0.01000,102,537.288
78,BWD,124.01993,0.00000,102,537.398
78,BWD,123.86752,0.00000,102,537.492
78,BWD,123.74585,0.00000,102,537.588
78,BWD,123.60547,0.00000,102,537.697
78,BWD,123.43359,0.01000,102,537.791
78,BWD,123.29392,-0.00000,102,537.885
78,BWD,123.15061,0.01000,102,537.995
78,BWD,122.98559,0.01000,102,538.091
78,BWD,122.84377,0.02000,102,538.185
78,BWD,122.70883,0.01000,102,538.263
78,BWD,122.60271,0.01000,102,538.341
78,BWD,122.50245,0.00000,102,538.419
78,BWD,122.40884,0.00000,102,538.498
78,BWD,122.32523,-0.01000,102,538.592
78,BWD,122.22684,0.01000,102,538.686
78,BWD,122.13606,0.02000,102,538.796
78,BWD,122.04404,0.01000,102,538.891
78,BWD,121.97503,0.01000,102,538.985
78,BWD,121.91465,0.01000,102,539.094
78,BWD,121.85606,0.01000,102,539.188
78,BWD,121.81498,0.00000,102,539.299
78,BWD,121.78006,0.01000,102,539.393
78,BWD,121.75677,-0.01000,102,539.487
78,BWD,121.74358,0.01000,102,539.597
78,BWD,121.74013,-0.01000,102,539.691
78,BWD,121.74636,0.01000,102,539.786
78,BWD,121.76285,0.01000,102,539.897
78,BWD,121.78131,0.01000,102,539.991
78,BWD,121.78928,0.01000,102,540.084
79,FWD,121.79000,0.00000,102,540.116
79,FWD,121.79306,0.01000,102,540.194
79,FWD,121.80421,0.01000,102,540.289
79,FWD,121.82355,0.01000,102,540.399
79,FWD,121.85865,0.00000,102,540.493
79,FWD,121.90125,0.01000,102,540.588
79,FWD,121.94544,0.01000,102,540.697
79,FWD,122.01687,0.01000,102,540.793
79,FWD,122.08031,0.01000,102,540.886
79,FWD,122.15659,0.01000,102,540.996
79,FWD,122.25642,0.00000,102,541.090
79,FWD,122.35188,0.00000,102,541.199
79,FWD,122.47383,0.01000,102,541.294
79,FWD,122.58874,-0.00000,102,541.388
79,FWD,122.71227,-0.01000,102,541.498
79,FWD,122.88748,0.00000,102,541.593
79,FWD,123.00852,0.01000,102,541.686
79,FWD,123.15015,0.00000,102,541.796
79,FWD,123.31477,0.00000,102,541.891
79,FWD,123.45610,0.01000,102,541.985
79,FWD,123.59750,0.01000,102,542.095
79,FWD,123.76250,0.01000,102,542.189
79,FWD,123.90382,-0.00000,102,542.299
79,FWD,124.06873,-0.01000,102,542.394
79,FWD,124.21007,-0.01000,102,542.489
79,FWD,124.35160,-0.01000,102,542.598
79,FWD,124.51662,0.14000,102,542.692
79,FWD,124.65765,0.54000,102,542.786
79,FWD,124.79990,2.38000,103,542.897
79,BWD,124.87158,4.84000,103,543.236
79,BWD,124.86778,4.72000,103,543.315
79,BWD,124.85790,4.24000,103,543.393
79,BWD,124.84184,3.97000,103,543.486
79,BWD,124.81435,3.41000,103,543.597
79,BWD,124.77119,1.89000,103,543.691
79,BWD,124.72451,1.28000,103,543.785
79,BWD,124.66883,0.72000,104,543.895
79,BWD,124.59289,0.25000,104,543.990
79,BWD,124.51831,0.07000,104,544.099
79,BWD,124.41982,0.02000,104,544.193
79,BWD,124.32588,0.01000,104,544.287
79,BWD,124.22321,0.01000,104,544.398
79,BWD,124.09213,0.01000,104,544.492
79,BWD,123.97005,0.01000,104,544.586
79,BWD,123.83874,0.01000,104,544.696
79,BWD,123.67577,0.00000,104,544.790
79,BWD,123.53407,0.02000,104,544.885
79,BWD,123.39213,0.00000,104,544.963
79,BWD,123.29202,0.02000,104,545.042
79,BWD,123.15677,0.00000,104,545.121
79,BWD,123.03967,0.00000,104,545.199
79,BWD,122.92110,0.01000,104,545.293
79,BWD,122.78152,0.00000,104,545.387
79,BWD,122.64970,0.00000,104,545.497
79,BWD,122.50735,-0.00000,104,545.592
79,BWD,122.39501,0.01000,104,545.686
79,BWD,122.29155,-0.00000,104,545.796
79,BWD,122.18186,0.02000,104,545.891
79,BWD,122.09775,-0.00000,104,545.985
79,BWD,122.02994,0.01000,104,546.095
79,BWD,121.94585,0.01000,104,546.189
79,BWD,121.88957,0.00000,104,546.299
79,BWD,121.83562,0.01000,104,546.393
79,BWD,121.79897,-0.00000,104,546.487
79,BWD,121.77099,0.00000,104,546.597
79,BWD,121.74975,0.01000,104,546.692
79,BWD,121.74100,0.01000,104,546.786
79,BWD,121.74055,0.01000,104,546.896
79,BWD,121.75200,0.00000,104,546.990
79,BWD,121.76873,0.01000,104,547.084
79,BWD,121.78391,-0.01000,104,547.194
79,BWD,121.79000,0.02000,104,547.288
80,FWD,121.79000,0.00000,104,547.319
80,FWD,121.79317,0.01000,104,547.414
80,FWD,121.80508,0.02000,104,547.509
80,FWD,121.82603,-0.00000,104,547.603
80,FWD,121.85584,0.01000,104,547.697
80,FWD,121.88925,0.01000,104,547.791
80,FWD,121.93659,0.00000,104,547.885
80,FWD,121.99842,0.00000,104,547.995
80,FWD,122.07073,0.00000,104,548.089
80,FWD,122.14702,-0.01000,104,548.184
80,FWD,122.23623,0.01000,104,548.294
80,FWD,122.34447,0.00000,104,548.388
80,FWD,122.44997,0.01000,104,548.499
80,FWD,122.58263,0.00000,104,548.593
80,FWD,122.70519,0.01000,104,548.687
80,FWD,122.83723,0.00000,104,548.796
80,FWD,122.98762,0.02000,104,548.890
80,FWD,123.14182,0.00000,104,548.985
80,FWD,123.28588,0.01000,104,549.096
80,FWD,123.44336,0.00000,104,549.191
80,FWD,123.59193,-0.00000,104,549.286
80,FWD,123.73909,0.01000,104,549.395
80,FWD,123.89760,0.00000,104,549.489
80,FWD,124.04192,0.02000,104,549.600
80,FWD,124.20352,0.00000,104,549.693
80,FWD,124.34537,0.01000,104,549.787
80,FWD,124.48685,0.08000,104,549.897
80,FWD,124.65123,0.25000,104,549.992
80,FWD,124.79938,1.43000,105,550.086
80,BWD,124.84051,4.19000,105,550.448
80,BWD,124.83646,3.98000,105,550.526
80,BWD,124.82816,3.79000,105,550.605
80,BWD,124.80994,3.55000,105,550.698
80,BWD,124.78209,3.06000,105,550.793
80,BWD,124.74545,1.70000,105,550.887
80,BWD,124.69953,1.13000,105,550.997
80,BWD,124.62995,0.63000,105,551.093
80,BWD,124.57038,0.10000,105,551.187
80,BWD,124.49738,0.08000,105,551.295
80,BWD,124.38737,0.04000,105,551.390
80,BWD,124.30779,0.01000,105,551.484
80,BWD,124.20538,-0.00000,105,551.564
80,BWD,124.11334,-0.00000,105,551.642
80,BWD,124.01723,-0.00000,105,551.719
80,BWD,123.91375,0.00000,105,551.798
80,BWD,123.80330,0.01000,105,551.892
80,BWD,123.66405,0.01000,105,551.986
80,BWD,123.52200,0.02000,105,552.096
80,BWD,123.35673,0.02000,105,552.191
80,BWD,123.21600,0.00000,105,552.285
80,BWD,123.07374,-0.00000,105,552.395
80,BWD,122.90897,0.00000,105,552.489
80,BWD,122.76886,0.00000,105,552.584
80,BWD,122.63787,0.01000,105,552.694
80,BWD,122.49702,0.00000,105,552.788
80,BWD,122.38526,0.01000,105,552.887
80,BWD,122.29074,0.01000,105,552.960
80,BWD,122.20531,-0.00000,105,553.054
80,BWD,122.11894,-0.01000,105,553.148
80,BWD,122.05072,0.01000,105,553.227
80,BWD,121.98228,-0.00000,105,553.306
80,BWD,121.93160,0.01000,105,553.384
80,BWD,121.88587,0.00000,105,553.494
80,BWD,121.83259,0.00000,105,553.589
80,BWD,121.79646,0.03000,105,553.698
80,BWD,121.76546,-0.01000,105,553.793
80,BWD,121.74869,0.01000,105,553.888
80,BWD,121.74072,0.01000,105,553.997
80,BWD,121.74229,0.00000,105,554.091
80,BWD,121.75313,0.00000,105,554.185
80,BWD,121.77182,0.00000,105,554.295
80,BWD,121.78674,-0.00000,105,554.390
81,FWD,121.78933,0.00000,105,554.421
81,FWD,121.79605,0.00000,105,554.501
81,FWD,121.80879,-0.00000,105,554.594
81,FWD,121.83237,0.00000,105,554.689
81,FWD,121.86471,0.02000,105,554.798
81,FWD,121.91342,-0.00000,105,554.892
81,FWD,121.96523,0.01000,105,554.987
81,FWD,122.02599,0.00000,105,555.097
81,FWD,122.10752,-0.01000,105,555.191
81,FWD,122.18740,-0.00000,105,555.286
81,FWD,122.27671,-0.01000,105,555.396
81,FWD,122.39080,-0.00000,105,555.490
81,FWD,122.49941,-0.01000,105,555.584
81,FWD,122.61645,0.01000,105,555.695
81,FWD,122.76373,-0.02000,105,555.789
81,FWD,122.89979,0.01000,105,555.883
81,FWD,123.04139,0.01000,105,555.993
81,FWD,123.20602,-0.00000,105,556.088
81,FWD,123.34801,-0.01000,105,556.198
81,FWD,123.51109,-0.00000,105,556.291
81,FWD,123.65305,0.01000,105,556.385
81,FWD,123.79490,0.01000,105,556.496
81,FWD,123.95863,0.01000,105,556.589
81,FWD,124.10035,0.01000,105,556.684
81,FWD,124.24110,0.02000,105,556.793
81,FWD,124.38715,0.06000,105,556.887
81,FWD,124.53132,0.18000,105,556.997
81,FWD,124.71115,0.85000,105,557.091
81,FWD,124.84301,2.88000,106,557.186
81,BWD,124.90161,5.33000,106,557.548
81,BWD,124.89739,5.04000,106,557.643
81,BWD,124.88431,4.91000,106,557.721
81,BWD,124.86639,3.83000,106,557.799
81,BWD,124.84627,3.84000,106,557.893
81,BWD,124.80977,2.32000,106,557.987
81,BWD,124.76406,1.59000,106,558.097
81,BWD,124.69914,0.98000,106,558.191
81,BWD,124.63365,0.45000,106,558.286
81,BWD,124.55865,0.08000,106,558.396
81,BWD,124.45952,0.06000,106,558.491
81,BWD,124.36517,0.02000,106,558.586
81,BWD,124.26312,0.01000,106,558.696
81,BWD,124.13366,0.02000,106,558.789
81,BWD,124.01131,0.00000,106,558.884
81,BWD,123.88012,0.00000,106,558.994
81,BWD,123.71847,0.03000,106,559.089
81,BWD,123.57750,0.00000,106,559.198
81,BWD,123.41726,0.01000,106,559.292
81,BWD,123.27222,0.00000,106,559.387
81,BWD,123.13007,0.01000,106,559.497
81,BWD,122.96597,0.00000,106,559.590
81,BWD,122.82447,0.00000,106,559.685
81,BWD,122.69008,0.01000,106,559.794
81,BWD,122.54471,0.00000,106,559.889
81,BWD,122.42258,-0.00000,106,559.983
81,BWD,122.32300,0.01000,106,560.093
81,BWD,122.20683,0.00000,106,560.188
81,BWD,122.11437,-0.00000,106,560.298
81,BWD,122.03269,0.00000,106,560.393
81,BWD,121.96006,0.00000,106,560.487
81,BWD,121.89808,0.02000,106,560.596
81,BWD,121.84884,-0.00000,106,560.691
81,BWD,121.80923,0.01000,106,560.786
81,BWD,121.77849,0.00000,106,560.896
81,BWD,121.75408,0.01000,106,560.990
81,BWD,121.74265,-0.01000,106,561.085
81,BWD,121.74014,0.00000,106,561.195
81,BWD,121.74808,0.01000,106,561.289
81,BWD,121.76431,0.01000,106,561.398
81,BWD,121.78448,0.01000,106,561.493
81,BWD,121.78976,0.00000,106,561.587
82,FWD,121.79000,0.01000,106,561.619
82,FWD,121.79387,0.00000,106,561.697
82,FWD,121.80392,0.01000,106,561.792
82,FWD,121.82428,0.01000,106,561.887
82,FWD,121.85354,0.02000,106,561.997
82,FWD,121.89845,0.00000,106,562.091
82,FWD,121.94664,-0.00000,106,562.185
82,FWD,122.00397,0.01000,106,562.295
82,FWD,122.08199,0.01000,106,562.389
82,FWD,122.15858,0.01000,106,562.484
82,FWD,122.24373,0.01000,106,562.562
82,FWD,122.32135,0.01000,106,562.641
82,FWD,122.39606,0.01000,106,562.719
82,FWD,122.50063,-0.01000,106,562.798
82,FWD,122.59226,0.01000,106,562.893
82,FWD,122.71602,0.02000,106,562.986
82,FWD,122.84936,0.01000,106,563.096
82,FWD,123.01288,0.01000,106,563.191
82,FWD,123.15387,0.02000,106,563.285
82,FWD,123.29555,0.02000,106,563.395
82,FWD,123.45992,0.02000,106,563.489
82,FWD,123.60191,0.01000,106,563.583
82,FWD,123.74297,0.00000,106,563.693
82,FWD,123.90858,-0.00000,106,563.788
82,FWD,124.05020,0.03000,106,563.898
82,FWD,124.21580,-0.01000,106,563.993
82,FWD,124.35754,0.00000,106,564.088
82,FWD,124.49830,0.08000,106,564.197
82,FWD,124.66278,0.25000,106,564.291
82,FWD,124.80451,4.41000,107,564.385
82,BWD,124.85175,4.25000,107,564.731
82,BWD,124.84840,4.15000,107,564.811
82,BWD,124.83887,3.71000,107,564.904
82,BWD,124.81940,3.54000,107,564.998
82,BWD,124.79090,2.37000,107,565.093
82,BWD,124.75397,1.78000,107,565.185
82,BWD,124.70810,1.20000,107,565.295
82,BWD,124.64299,0.68000,107,565.389
82,BWD,124.57752,0.11000,107,565.484
82,BWD,124.50334,0.08000,107,565.594
82,BWD,124.40530,0.04000,107,565.688
82,BWD,124.31180,-0.00000,107,565.798
82,BWD,124.19193,-0.00000,107,565.892
82,BWD,124.07875,0.00000,107,565.987
82,BWD,123.95658,-0.00000,107,566.097
82,BWD,123.80365,0.02000,107,566.191
82,BWD,123.66369,0.00000,107,566.285
82,BWD,123.53501,0.00000,107,566.395
82,BWD,123.35847,-0.02000,107,566.488
82,BWD,123.21717,-0.01000,107,566.583
82,BWD,123.07995,0.01000,107,566.693
82,BWD,122.91127,0.00000,107,566.787
82,BWD,122.77164,0.01000,107,566.897
82,BWD,122.61918,0.00000,107,566.992
82,BWD,122.51297,0.01000,107,567.087
82,BWD,122.39812,0.00000,107,567.196
82,BWD,122.26731,0.01000,107,567.291
82,BWD,122.18129,0.00000,107,567.386
82,BWD,122.09564,0.00000,107,567.495
82,BWD,122.00500,0.02000,107,567.590
82,BWD,121.94220,0.02000,107,567.685
82,BWD,121.88582,0.01000,107,567.795
82,BWD,121.83193,-0.01000,107,567.889
82,BWD,121.79583,0.00000,107,567.984
82,BWD,121.76894,0.00000,107,568.062
82,BWD,121.75311,-0.01000,107,568.141
82,BWD,121.74345,0.00000,107,568.219
82,BWD,121.74002,0.01000,107,568.297
82,BWD,121.74197,-0.01000,107,568.391
82,BWD,121.75258,0.00000,107,568.486
82,BWD,121.77193,-0.00000,107,568.596
82,BWD,121.78690,0.01000,107,568.689
83,FWD,121.78952,-0.00000,107,568.736
83,FWD,121.79659,-0.00000,107,568.831
83,FWD,121.81251,0.01000,107,568.909
83,FWD,121.82960,-0.01000,107,568.987
83,FWD,121.85891,0.00000,107,569.097
83,FWD,121.90304,-0.00000,107,569.192
83,FWD,121.95599,0.01000,107,569.286
83,FWD,122.01720,0.01000,107,569.395
83,FWD,122.09396,-0.00000,107,569.490
83,FWD,122.17267,0.00000,107,569.585
83,FWD,122.25969,-0.01000,107,569.694
83,FWD,122.37267,-0.00000,107,569.788
83,FWD,122.47900,0.01000,107,569.898
83,FWD,122.61406,-0.00000,107,569.993
83,FWD,122.74469,0.01000,107,570.086
83,FWD,122.87290,0.01000,107,570.196
83,FWD,123.04073,0.00000,107,570.291
83,FWD,123.17896,0.01000,107,570.385
83,FWD,123.31998,-0.00000,107,570.495
83,FWD,123.48536,0.02000,107,570.589
83,FWD,123.62675,0.01000,107,570.684
83,FWD,123.76752,-0.00000,107,570.793
83,FWD,123.93343,0.01000,107,570.887
83,FWD,124.07426,0.02000,107,570.997
83,FWD,124.23923,0.00000,107,571.091
83,FWD,124.37991,0.02000,107,571.185
83,FWD,124.52099,0.11000,107,571.295
83,FWD,124.70699,0.38000,107,571.389
83,FWD,124.82700,1.98000,108,571.484
83,BWD,124.87566,4.76000,108,571.830
83,BWD,124.87263,4.44000,108,571.911
83,BWD,124.86150,4.14000,108,571.988
83,BWD,124.84702,3.93000,108,572.096
83,BWD,124.81480,3.38000,108,572.191
83,BWD,124.77748,1.96000,108,572.285
83,BWD,124.73106,1.31000,108,572.395
83,BWD,124.66586,0.75000,108,572.490
83,BWD,124.60054,0.10000,108,572.584
83,BWD,124.52584,0.07000,108,572.694
83,BWD,124.42822,0.04000,108,572.787
83,BWD,124.33462,0.03000,108,572.898
83,BWD,124.21461,-0.00000,108,572.992
83,BWD,124.10154,0.02000,108,573.086
83,BWD,123.98006,0.01000,108,573.196
83,BWD,123.82743,0.01000,108,573.290
83,BWD,123.68684,0.01000,108,573.384
83,BWD,123.54554,0.02000,108,573.494
83,BWD,123.38026,-0.00000,108,573.588
83,BWD,123.23888,0.01000,108,573.683
83,BWD,123.09760,0.01000,108,573.793
83,BWD,122.93258,0.01000,108,573.887
83,BWD,122.79074,0.01000,108,573.998
83,BWD,122.63787,0.01000,108,574.093
83,BWD,122.51577,0.00000,108,574.187
83,BWD,122.40274,0.02000,108,574.296
83,BWD,122.28192,0.02000,108,574.391
83,BWD,122.18848,0.00000,108,574.485
83,BWD,122.10356,0.02000,108,574.595
83,BWD,122.01600,-0.00000,108,574.689
83,BWD,121.95042,0.00000,108,574.784
83,BWD,121.89363,0.02000,108,574.893
83,BWD,121.83891,0.00000,108,574.988
83,BWD,121.80129,0.01000,108,575.097
83,BWD,121.76908,0.01000,108,575.191
83,BWD,121.75077,-0.01000,108,575.285
83,BWD,121.74138,-0.01000,108,575.395
83,BWD,121.74138,-0.00000,108,575.489
83,BWD,121.75076,-0.00000,108,575.584
83,BWD,121.76877,0.01000,108,575.694
83,BWD,121.78536,0.01000,108,575.788
84,FWD,121.78891,-0.01000,108,575.834
84,FWD,121.79751,0.00000,108,575.929
84,FWD,121.81519,0.00000,108,576.009
84,FWD,121.83658,0.01000,108,576.087
84,FWD,121.86416,0.00000,108,576.196
84,FWD,121.91288,0.01000,108,576.291
84,FWD,121.96459,0.01000,108,576.385
84,FWD,122.02528,0.00000,108,576.495
84,FWD,122.10682,0.01000,108,576.589
84,FWD,122.18670,0.03000,108,576.683
84,FWD,122.27511,0.00000,108,576.793
84,FWD,122.37627,0.01000,108,576.888
84,FWD,122.48396,0.01000,108,576.997
84,FWD,122.63449,-0.00000,108,577.092
84,FWD,122.75131,0.02000,108,577.186
84,FWD,122.88906,0.00000,108,577.296
84,FWD,123.06213,0.00000,108,577.390
84,FWD,123.20068,0.00000,108,577.484
84,FWD,123.34499,-0.00000,108,577.595
84,FWD,123.50906,0.01000,108,577.688
84,FWD,123.65108,-0.01000,108,577.798
84,FWD,123.80022,0.01000,108,577.893
84,FWD,123.94405,-0.01000,108,577.987
84,FWD,124.08757,-0.01000,108,578.096
84,FWD,124.25542,-0.01000,108,578.191
84,FWD,124.39959,0.05000,108,578.285
84,FWD,124.54342,0.17000,108,578.394
84,FWD,124.70962,0.81000,109,578.489
84,BWD,124.75883,2.56000,109,578.834
84,BWD,124.75523,2.55000,109,578.913
84,BWD,124.74548,2.44000,109,578.992
84,BWD,124.72964,1.96000,109,579.086
84,BWD,124.70188,1.56000,109,579.195
84,BWD,124.65961,1.06000,109,579.289
84,BWD,124.61301,0.23000,109,579.385
84,BWD,124.55368,0.13000,109,579.494
84,BWD,124.48183,0.09000,109,579.588
84,BWD,124.40729,0.05000,109,579.698
84,BWD,124.30936,0.00000,109,579.792
84,BWD,124.21318,0.01000,109,579.886
84,BWD,124.11263,-0.01000,109,579.996
84,BWD,123.98204,0.01000,109,580.090
84,BWD,123.85087,0.00000,109,580.185
84,BWD,123.70969,0.00000,109,580.295
84,BWD,123.55953,-0.00000,109,580.389
84,BWD,123.42478,0.00000,109,580.483
84,BWD,123.28310,0.02000,109,580.593
84,BWD,123.11874,0.01000,109,580.687
84,BWD,122.97781,0.02000,109,580.797
84,BWD,122.80301,0.02000,109,580.891
84,BWD,122.68052,0.02000,109,580.985
84,BWD,122.55571,-0.00000,109,581.095
84,BWD,122.40711,0.02000,109,581.190
84,BWD,122.31545,0.02000,109,581.284
84,BWD,122.21902,0.01000,109,581.362
84,BWD,122.14551,-0.00000,109,581.440
84,BWD,122.07717,-0.00000,109,581.519
84,BWD,122.01597,0.06000,109,581.598
84,BWD,121.96077,-0.01000,109,581.692
84,BWD,121.90258,0.00000,109,581.786
84,BWD,121.85339,0.00000,109,581.896
84,BWD,121.80707,0.00000,109,581.991
84,BWD,121.77697,0.02000,109,582.086
84,BWD,121.75579,0.00000,109,582.194
84,BWD,121.74229,0.02000,109,582.289
84,BWD,121.74024,0.00000,109,582.383
84,BWD,121.74675,0.00000,109,582.493
84,BWD,121.76553,0.00000,109,582.587
84,BWD,121.78192,0.02000,109,582.697
84,BWD,121.78984,0.00000,109,582.791
85,FWD,121.79000,0.00000,109,582.838
85,FWD,121.79428,0.00000,109,582.932
85,FWD,121.80743,0.01000,109,583.011
85,FWD,121.82515,0.00000,109,583.090
85,FWD,121.84914,0.03000,109,583.184
85,FWD,121.88692,0.01000,109,583.296
85,FWD,121.94106,0.01000,109,583.390
85,FWD,121.99729,-0.00000,109,583.484
85,FWD,122.06258,0.00000,109,583.594
85,FWD,122.14928,0.01000,109,583.688
85,FWD,122.23363,0.00000,109,583.797
85,FWD,122.34263,0.02000,109,583.893
85,FWD,122.44689,0.00000,109,583.987
85,FWD,122.55991,-0.00000,109,584.096
85,FWD,122.70160,-0.00000,109,584.190
85,FWD,122.83314,0.00000,109,584.284
85,FWD,122.97301,-0.02000,109,584.394
85,FWD,123.13741,0.00000,109,584.488
85,FWD,123.27878,0.02000,109,584.582
85,FWD,123.42009,0.01000,109,584.692
85,FWD,123.58510,0.02000,109,584.787
85,FWD,123.72676,0.02000,109,584.897
85,FWD,123.89146,0.00000,109,584.991
85,FWD,124.03252,0.02000,109,585.084
85,FWD,124.17295,0.02000,109,585.194
85,FWD,124.33727,0.01000,109,585.289
85,FWD,124.47870,0.04000,109,585.382
85,FWD,124.62037,0.63000,109,585.493
85,FWD,124.78513,2.60000,110,585.587
85,BWD,124.83401,3.95000,110,585.934
85,BWD,124.83035,3.91000,110,586.013
85,BWD,124.82056,3.76000,110,586.091
85,BWD,124.80457,3.06000,110,586.184
85,BWD,124.77737,2.52000,110,586.294
85,BWD,124.73447,1.94000,110,586.389
85,BWD,124.68788,1.31000,110,586.482
85,BWD,124.63264,0.25000,110,586.592
85,BWD,124.56592,0.15000,110,586.686
85,BWD,124.49108,0.07000,110,586.796
85,BWD,124.38442,-0.01000,110,586.890
85,BWD,124.29711,0.01000,110,586.984
85,BWD,124.19285,0.01000,110,587.095
85,BWD,124.05705,0.01000,110,587.188
85,BWD,123.93571,0.00000,110,587.282
85,BWD,123.80521,0.01000,110,587.392
85,BWD,123.66092,0.00000,110,587.486
85,BWD,123.51698,0.01000,110,587.596
85,BWD,123.34978,0.02000,110,587.690
85,BWD,123.20627,0.01000,110,587.784
85,BWD,123.06213,0.01000,110,587.894
85,BWD,122.89429,0.00000,110,587.988
85,BWD,122.75253,0.00000,110,588.083
85,BWD,122.62234,-0.02000,110,588.192
85,BWD,122.48252,0.01000,110,588.286
85,BWD,122.38074,-0.00000,110,588.384
85,BWD,122.26675,0.01000,110,588.495
85,BWD,122.16046,0.01000,110,588.588
85,BWD,122.07816,-0.00000,110,588.682
85,BWD,122.00501,0.00000,110,588.792
85,BWD,121.93119,0.00000,110,588.887
85,BWD,121.87737,0.01000,110,588.996
85,BWD,121.82684,0.01000,110,589.090
85,BWD,121.79125,0.01000,110,589.185
86,FWD,121.77340,0.00000,110,589.248
86,FWD,121.75338,0.01000,110,589.326
86,FWD,121.74366,0.01000,110,589.404
86,FWD,121.74014,0.01000,110,589.483
86,FWD,121.74260,-0.00000,110,589.592
86,FWD,121.75642,-0.00000,110,589.686
86,FWD,121.77978,0.00000,110,589.796
86,FWD,121.81430,0.01000,110,589.891
86,FWD,121.85717,0.01000,110,589.985
86,FWD,121.91113,-0.00000,110,590.096
86,FWD,121.97402,-0.00000,110,590.190
86,FWD,122.04291,0.00000,110,590.283
86,FWD,122.12029,0.00000,110,590.393
86,FWD,122.22228,0.00000,110,590.487
86,FWD,122.31969,0.01000,110,590.598
86,FWD,122.44936,0.00000,110,590.691
86,FWD,122.55989,0.01000,110,590.785
86,FWD,122.68468,0.01000,110,590.895
86,FWD,122.84123,0.01000,110,590.989
86,FWD,122.98283,-0.01000,110,591.083
86,FWD,123.12385,0.01000,110,591.162
86,FWD,123.24191,-0.01000,110,591.241
86,FWD,123.35994,-0.00000,110,591.319
86,FWD,123.46726,0.01000,110,591.398
86,FWD,123.59623,0.01000,110,591.492
86,FWD,123.73721,0.00000,110,591.587
86,FWD,123.87855,0.02000,110,591.696
86,FWD,124.04357,0.01000,110,591.791
86,FWD,124.18491,0.01000,110,591.886
86,FWD,124.32593,0.01000,110,591.994
86,FWD,124.48981,0.04000,110,592.088
86,FWD,124.63077,0.14000,110,592.182
86,FWD,124.77281,3.34000,111,592.293
86,BWD,124.84381,4.10000,111,592.655
86,BWD,124.83950,3.95000,111,592.749
86,BWD,124.82635,3.84000,111,592.843
86,BWD,124.80748,2.87000,111,592.922
86,BWD,124.77919,2.53000,111,593.000
86,BWD,124.74771,1.97000,111,593.095
86,BWD,124.70214,1.39000,111,593.188
86,BWD,124.64780,0.27000,111,593.282
86,BWD,124.58468,0.14000,111,593.392
86,BWD,124.49961,0.09000,111,593.486
86,BWD,124.41679,0.06000,111,593.596
86,BWD,124.30910,0.01000,111,593.690
86,BWD,124.20721,0.00000,111,593.785
86,BWD,124.09672,0.00000,111,593.894
86,BWD,123.95669,-0.00000,111,593.988
86,BWD,123.82793,0.00000,111,594.097
86,BWD,123.66666,0.01000,111,594.191
86,BWD,123.52609,0.00000,111,594.285
86,BWD,123.38446,0.00000,111,594.395
86,BWD,123.22018,-0.01000,111,594.489
86,BWD,123.07781,0.00000,111,594.584
86,BWD,122.93709,0.00000,111,594.693
86,BWD,122.77438,0.03000,111,594.787
86,BWD,122.64324,0.01000,111,594.897
86,BWD,122.50169,0.01000,111,594.991
86,BWD,122.38964,-0.00000,111,595.086
86,BWD,122.28684,0.01000,111,595.195
86,BWD,122.17787,0.01000,111,595.290
86,BWD,122.09388,0.01000,111,595.384
86,BWD,122.01846,0.01000,111,595.495
86,BWD,121.94229,0.00000,111,595.590
86,BWD,121.88666,0.00000,111,595.685
86,BWD,121.83951,0.01000,111,595.795
86,BWD,121.79670,-0.00000,111,595.889
86,BWD,121.76926,0.01000,111,595.984
86,BWD,121.75081,0.00000,111,596.094
86,BWD,121.74069,0.00000,111,596.189
86,BWD,121.74141,-0.01000,111,596.283
86,BWD,121.75085,0.00000,111,596.393
86,BWD,121.77201,0.00000,111,596.487
86,BWD,121.78421,0.02000,111,596.582
86,BWD,121.78994,-0.00000,111,596.692
87,FWD,121.79000,0.01000,111,596.724
87,FWD,121.79377,0.01000,111,596.803
87,FWD,121.80367,0.00000,111,596.896
87,FWD,121.82374,0.01000,111,596.991
87,FWD,121.85281,0.01000,111,597.085
87,FWD,121.88941,-0.00000,111,597.196
87,FWD,121.94592,0.02000,111,597.290
87,FWD,122.00340,0.01000,111,597.385
87,FWD,122.06973,-0.01000,111,597.495
87,FWD,122.14792,0.01000,111,597.588
87,FWD,122.23350,0.01000,111,597.683
87,FWD,122.33736,0.02000,111,597.793
87,FWD,122.45054,-0.01000,111,597.887
87,FWD,122.56540,0.01000,111,597.997
87,FWD,122.71067,0.01000,111,598.091
87,FWD,122.84639,0.01000,111,598.186
87,FWD,122.98792,0.01000,111,598.295
87,FWD,123.13330,-0.01000,111,598.389
87,FWD,123.29447,0.02000,111,598.485
87,FWD,123.43520,-0.00000,111,598.594
87,FWD,123.58834,0.01000,111,598.688
87,FWD,123.74135,0.01000,111,598.782
87,FWD,123.88449,0.01000,111,598.893
87,FWD,124.04350,0.01000,111,598.987
87,FWD,124.19114,0.00000,111,599.083
87,FWD,124.33175,0.01000,111,599.192
87,FWD,124.49747,0.03000,111,599.287
87,FWD,124.63809,0.88000,111,599.396
87,FWD,124.80249,2.90000,112,599.490
87,BWD,124.85016,4.18000,112,599.836
87,BWD,124.84702,4.12000,112,599.914
87,BWD,124.83784,3.99000,112,600.009
87,BWD,124.81846,3.39000,112,600.102
87,BWD,124.79002,2.32000,112,600.197
87,BWD,124.75291,2.13000,112,600.291
87,BWD,124.70690,1.51000,112,600.385
87,BWD,124.65202,0.30000,113,600.495
87,BWD,124.57256,0.16000,113,600.589
87,BWD,124.50279,0.08000,113,600.683
87,BWD,124.41963,0.02000,113,600.793
87,BWD,124.31209,0.00000,113,600.888
87,BWD,124.20936,0.01000,113,600.982
87,BWD,124.09821,0.01000,113,601.092
87,BWD,123.95692,0.01000,113,601.186
87,BWD,123.82593,-0.02000,113,601.296
87,BWD,123.66391,-0.00000,113,601.391
87,BWD,123.52226,0.01000,113,601.485
87,BWD,123.38093,0.00000,113,601.595
87,BWD,123.21634,0.01000,113,601.690
87,BWD,123.07529,0.01000,113,601.784
87,BWD,122.93388,0.01000,113,601.894
87,BWD,122.77093,0.02000,113,601.988
87,BWD,122.63916,0.02000,113,602.082
87,BWD,122.51747,0.01000,113,602.192
87,BWD,122.38682,-0.01000,113,602.286
87,BWD,122.28367,0.01000,113,602.396
87,BWD,122.17522,0.00000,113,602.491
87,BWD,122.09174,0.00000,113,602.585
87,BWD,122.01698,0.00000,113,602.695
87,BWD,121.94119,0.01000,113,602.790
87,BWD,121.88560,0.00000,113,602.885
87,BWD,121.83901,0.01000,113,602.994
87,BWD,121.79619,0.00000,113,603.088
87,BWD,121.76897,0.01000,113,603.183
87,BWD,121.75067,0.00000,113,603.293
87,BWD,121.74065,0.02000,113,603.387
87,BWD,121.74148,-0.00000,113,603.482
87,BWD,121.75109,-0.00000,113,603.592
87,BWD,121.77238,0.02000,113,603.687
87,BWD,121.78567,-0.02000,113,603.782
88,FWD,121.78896,0.01000,113,603.829
88,FWD,121.79765,0.01000,113,603.924
88,FWD,121.81794,0.01000,113,604.018
88,FWD,121.84177,-0.01000,113,604.097
88,FWD,121.87025,0.00000,113,604.190
88,FWD,121.91318,-0.01000,113,604.284
88,FWD,121.96516,0.01000,113,604.395
88,FWD,122.03654,0.02000,113,604.489
88,FWD,122.10760,0.01000,113,604.584
88,FWD,122.18758,0.01000,113,604.694
88,FWD,122.29176,0.00000,113,604.788
88,FWD,122.39101,0.01000,113,604.883
88,FWD,122.49896,-0.01000,113,604.993
88,FWD,122.63781,-0.00000,113,605.088
88,FWD,122.76513,-0.00000,113,605.182
88,FWD,122.90163,0.00000,113,605.292
88,FWD,123.06635,-0.01000,113,605.386
88,FWD,123.20798,0.00000,113,605.496
88,FWD,123.37263,0.00000,113,605.591
88,FWD,123.51368,0.00000,113,605.685
88,FWD,123.65504,0.01000,113,605.795
88,FWD,123.82028,0.00000,113,605.889
88,FWD,123.96225,0.01000,113,605.984
88,FWD,124.08496,0.01000,113,606.094
88,FWD,124.26946,0.00000,113,606.189
88,FWD,124.41113,0.00000,113,606.283
88,FWD,124.54079,0.11000,113,606.393
88,FWD,124.71786,0.33000,114,606.488
88,BWD,124.76517,2.76000,114,606.850
88,BWD,124.76099,2.65000,114,606.945
88,BWD,124.74789,2.44000,114,607.022
88,BWD,124.73026,2.26000,114,607.101
88,BWD,124.70644,1.95000,114,607.194
88,BWD,124.67325,0.93000,115,607.289
88,BWD,124.62752,0.52000,115,607.383
88,BWD,124.57233,0.20000,115,607.493
88,BWD,124.49404,0.08000,115,607.588
88,BWD,124.42194,0.03000,115,607.682
88,BWD,124.33810,0.02000,115,607.792
88,BWD,124.23107,0.01000,115,607.885
88,BWD,124.12924,0.01000,115,607.995
88,BWD,124.01132,0.00000,115,608.089
88,BWD,123.88838,-0.01000,115,608.185
88,BWD,123.74610,0.00000,115,608.295
88,BWD,123.59155,0.01000,115,608.389
88,BWD,123.44860,0.00000,115,608.483
88,BWD,123.30190,-0.00000,115,608.593
88,BWD,123.13644,0.00000,115,608.688
88,BWD,122.99481,-0.00000,115,608.782
88,BWD,122.85150,0.02000,115,608.892
88,BWD,122.69460,0.02000,115,608.987
88,BWD,122.56882,0.01000,115,609.082
88,BWD,122.46440,-0.01000,115,609.181
88,BWD,122.33712,0.01000,115,609.261
88,BWD,122.25464,0.02000,115,609.338
88,BWD,122.17794,0.02000,115,609.417
88,BWD,122.11482,0.01000,115,609.496
88,BWD,122.04276,0.01000,115,609.591
88,BWD,121.97321,0.00000,115,609.685
88,BWD,121.90936,0.02000,115,609.795
88,BWD,121.85513,0.00000,115,609.889
88,BWD,121.81218,0.00000,115,609.984
88,BWD,121.78213,0.01000,115,610.095
88,BWD,121.75585,0.01000,115,610.188
88,BWD,121.74373,0.01000,115,610.283
88,BWD,121.74001,-0.01000,115,610.393
88,BWD,121.74644,-0.00000,115,610.487
88,BWD,121.76160,0.00000,115,610.582
88,BWD,121.77940,-0.01000,115,610.691
88,BWD,121.78935,-0.00000,115,610.785
89,FWD,121.79000,0.00000,115,610.816
89,FWD,121.79307,-0.00000,115,610.911
89,FWD,121.80510,0.00000,115,611.005
89,FWD,121.82597,0.00000,115,611.100
89,FWD,121.85564,0.01000,115,611.194
89,FWD,121.89394,0.02000,115,611.288
89,FWD,121.94201,-0.00000,115,611.383
89,FWD,121.99829,0.01000,115,611.493
89,FWD,122.07513,0.02000,115,611.587
89,FWD,122.15088,0.01000,115,611.682
89,FWD,122.23480,-0.00000,115,611.791
89,FWD,122.34521,0.01000,115,611.886
89,FWD,122.44898,0.01000,115,611.996
89,FWD,122.58193,0.01000,115,612.091
89,FWD,122.70411,-0.00000,115,612.184
89,FWD,122.83565,0.01000,115,612.294
89,FWD,122.99906,-0.01000,115,612.388
89,FWD,123.14037,-0.01000,115,612.483
89,FWD,123.28199,0.00000,115,612.593
89,FWD,123.44762,-0.00000,115,612.687
89,FWD,123.58862,0.01000,115,612.781
89,FWD,123.72956,0.01000,115,612.891
89,FWD,123.87680,0.01000,115,612.993
89,FWD,124.04881,0.02000,115,613.088
89,FWD,124.18963,0.00000,115,613.182
89,FWD,124.33033,0.01000,115,613.291
89,FWD,124.49463,0.09000,115,613.385
89,FWD,124.63571,0.29000,115,613.495
89,FWD,124.80125,1.58000,116,613.590
89,BWD,124.84892,4.29000,116,613.937
89,BWD,124.84568,4.19000,116,614.031
89,BWD,124.83267,3.90000,116,614.124
89,BWD,124.81284,3.12000,116,614.219
89,BWD,124.78336,2.79000,116,614.297
89,BWD,124.75179,1.71000,116,614.391
89,BWD,124.70557,1.10000,116,614.485
89,BWD,124.65067,0.60000,117,614.596
89,BWD,124.57534,0.12000,117,614.690
89,BWD,124.50120,0.08000,117,614.785
89,BWD,124.41812,0.04000,117,614.894
89,BWD,124.31017,0.00000,117,614.988
89,BWD,124.20816,0.00000,117,615.083
89,BWD,124.09709,0.00000,117,615.193
89,BWD,123.95612,0.01000,117,615.286
89,BWD,123.82621,0.00000,117,615.381
89,BWD,123.68697,0.01000,117,615.490
89,BWD,123.52263,0.01000,117,615.584
89,BWD,123.38158,0.00000,117,615.695
89,BWD,123.21596,0.00000,117,615.789
89,BWD,123.07491,-0.01000,117,615.884
89,BWD,122.93299,0.01000,117,615.994
89,BWD,122.77020,0.00000,117,616.088
89,BWD,122.65503,0.01000,117,616.183
89,BWD,122.53035,0.02000,117,616.293
89,BWD,122.38561,0.01000,117,616.387
89,BWD,122.28269,-0.00000,117,616.482
89,BWD,122.19453,0.02000,117,616.591
89,BWD,122.09058,0.01000,117,616.686
89,BWD,122.01600,0.02000,117,616.796
89,BWD,121.94033,0.00000,117,616.890
89,BWD,121.88490,0.00000,117,616.985
89,BWD,121.83852,0.00000,117,617.095
89,BWD,121.79983,0.00000,117,617.190
89,BWD,121.77125,0.00000,117,617.284
89,BWD,121.75188,0.00000,117,617.394
89,BWD,121.74092,-0.00000,117,617.489
89,BWD,121.74121,0.01000,117,617.584
89,BWD,121.75049,0.01000,117,617.693
89,BWD,121.77186,-0.01000,117,617.787
89,BWD,121.78558,0.00000,117,617.881
90,FWD,121.78902,0.00000,117,617.928
90,FWD,121.79742,-0.01000,117,618.023
90,FWD,121.81480,0.01000,117,618.101
90,FWD,121.83259,0.00000,117,618.195
90,FWD,121.86591,0.02000,117,618.289
90,FWD,121.91158,0.00000,117,618.383
90,FWD,121.96311,0.01000,117,618.493
90,FWD,122.03175,-0.00000,117,618.588
90,FWD,122.10339,-0.00000,117,618.682
90,FWD,122.18375,-0.00000,117,618.792
90,FWD,122.28797,0.01000,117,618.886
90,FWD,122.38683,0.00000,117,618.996
90,FWD,122.51352,0.01000,117,619.091
90,FWD,122.63145,0.02000,117,619.185
90,FWD,122.76254,-0.00000,117,619.295
90,FWD,122.91818,-0.01000,117,619.389
90,FWD,123.05995,0.01000,117,619.484
90,FWD,123.21143,0.01000,117,619.594
90,FWD,123.36543,0.00000,117,619.688
90,FWD,123.51455,0.00000,117,619.782
90,FWD,123.66581,0.01000,117,619.892
90,FWD,123.81319,0.00000,117,619.986
90,FWD,123.95480,0.02000,117,620.081
90,FWD,124.09648,0.00000,117,620.191
90,FWD,124.26115,0.00000,117,620.286
90,FWD,124.40317,-0.00000,117,620.395
90,FWD,124.57498,0.22000,117,620.490
90,FWD,124.70875,1.13000,118,620.584
90,BWD,124.75732,2.64000,118,620.931
90,BWD,124.75430,2.58000,118,621.010
90,BWD,124.74338,2.25000,118,621.089
90,BWD,124.72716,1.91000,118,621.182
90,BWD,124.69971,1.51000,118,621.292
90,BWD,124.65643,1.06000,119,621.386
90,BWD,124.60963,0.19000,119,621.496
90,BWD,124.54410,0.13000,119,621.591
90,BWD,124.47827,0.09000,119,621.685
90,BWD,124.40321,0.07000,119,621.794
90,BWD,124.30442,-0.01000,119,621.889
90,BWD,124.21051,0.01000,119,621.983
90,BWD,124.10717,0.01000,119,622.093
90,BWD,123.97601,0.01000,119,622.187
90,BWD,123.85379,0.00000,119,622.281
90,BWD,123.72266,0.00000,119,622.391
90,BWD,123.55952,-0.01000,119,622.486
90,BWD,123.41822,0.01000,119,622.595
90,BWD,123.25269,-0.00000,119,622.689
90,BWD,123.11272,0.00000,119,622.783
90,BWD,122.97176,-0.01000,119,622.893
90,BWD,122.80719,0.01000,119,622.987
90,BWD,122.67400,0.01000,119,623.082
90,BWD,122.54958,-0.00000,119,623.191
90,BWD,122.41567,0.01000,119,623.286
90,BWD,122.31057,0.01000,119,623.396
90,BWD,122.19894,0.00000,119,623.490
90,BWD,122.11346,0.01000,119,623.584
90,BWD,122.03629,0.00000,119,623.693
90,BWD,121.95880,0.02000,119,623.787
90,BWD,121.90031,0.01000,119,623.882
90,BWD,121.85122,-0.00000,119,623.992
90,BWD,121.80547,0.01000,119,624.087
90,BWD,121.77574,0.01000,119,624.181
90,BWD,121.75501,-0.00000,119,624.291
90,BWD,121.74202,0.00000,119,624.386
90,BWD,121.74035,-0.00000,119,624.495
90,BWD,121.74930,0.01000,119,624.589
90,BWD,121.76653,-0.00000,119,624.683
90,BWD,121.78250,0.01000,119,624.793
90,BWD,121.78991,0.01000,119,624.887
91,FWD,121.79002,0.00000,119,624.918
91,FWD,121.79324,0.01000,119,624.998
91,FWD,121.80260,0.01000,119,625.091
91,FWD,121.82201,0.01000,119,625.186
91,FWD,121.85045,-0.00000,119,625.296
91,FWD,121.89487,0.00000,119,625.390
91,FWD,121.94234,-0.00000,119,625.484
91,FWD,121.99881,0.02000,119,625.594
91,FWD,122.07596,0.00000,119,625.689
91,FWD,122.15167,0.00000,119,625.783
91,FWD,122.23626,-0.00000,119,625.893
91,FWD,122.34579,0.00000,119,625.987
91,FWD,122.44980,-0.01000,119,626.081
91,FWD,122.56277,0.01000,119,626.191
91,FWD,122.70525,0.01000,119,626.286
91,FWD,122.82211,0.00000,119,626.395
91,FWD,123.00097,-0.00000,119,626.490
91,FWD,123.14192,0.01000,119,626.584
91,FWD,123.27599,0.02000,119,626.694
91,FWD,123.44823,-0.01000,119,626.788
91,FWD,123.58954,0.01000,119,626.882
91,FWD,123.73148,0.00000,119,626.993
91,FWD,123.89705,0.01000,119,627.088
91,FWD,124.02106,0.01000,119,627.182
91,FWD,124.18038,0.01000,119,627.292
91,FWD,124.33085,-0.01000,119,627.386
91,FWD,124.47565,0.04000,119,627.496
91,FWD,124.65143,1.02000,119,627.590
91,FWD,124.78645,3.18000,120,627.684
91,BWD,124.84067,4.24000,120,628.046
91,BWD,124.83664,4.00000,120,628.124
91,BWD,124.82656,3.87000,120,628.203
91,BWD,124.81243,3.16000,120,628.282
91,BWD,124.78802,2.63000,120,628.391
91,BWD,124.74863,2.01000,120,628.485
91,BWD,124.70099,1.43000,121,628.596
91,BWD,124.63743,0.26000,121,628.690
91,BWD,124.57229,0.14000,121,628.783
91,BWD,124.49836,0.09000,121,628.894
91,BWD,124.40182,0.01000,121,628.988
91,BWD,124.30909,0.01000,121,629.082
91,BWD,124.20708,0.01000,121,629.192
91,BWD,124.07767,0.02000,121,629.286
91,BWD,123.95332,0.01000,121,629.396
91,BWD,123.80423,0.00000,121,629.491
91,BWD,123.66434,-0.00000,121,629.585
91,BWD,123.52376,-0.00000,121,629.695
91,BWD,123.35843,0.01000,121,629.790
91,BWD,123.21631,0.01000,121,629.884
91,BWD,123.07590,0.02000,121,629.993
91,BWD,122.90719,0.01000,121,630.087
91,BWD,122.77065,0.00000,121,630.182
91,BWD,122.63979,0.00000,121,630.292
91,BWD,122.49035,-0.00000,121,630.386
91,BWD,122.38645,0.01000,121,630.481
91,BWD,122.28355,0.02000,121,630.591
91,BWD,122.16498,-0.02000,121,630.686
91,BWD,122.09107,0.00000,121,630.796
91,BWD,122.00510,-0.01000,121,630.890
91,BWD,121.94140,-0.00000,121,630.983
91,BWD,121.88615,-0.01000,121,631.093
91,BWD,121.83276,0.01000,121,631.187
91,BWD,121.79654,-0.00000,121,631.282
91,BWD,121.76935,0.01000,121,631.392
91,BWD,121.74875,-0.01000,121,631.486
91,BWD,121.74072,0.00000,121,631.596
91,BWD,121.74226,-0.01000,121,631.690
91,BWD,121.75306,0.01000,121,631.784
91,BWD,121.77176,0.02000,121,631.894
91,BWD,121.78670,-0.00000,121,631.988
92,FWD,121.78924,0.00000,121,632.020
92,FWD,121.79600,0.01000,121,632.100
92,FWD,121.80873,0.02000,121,632.193
92,FWD,121.83189,0.00000,121,632.286
92,FWD,121.86426,0.00000,121,632.381
92,FWD,121.90520,0.00000,121,632.491
92,FWD,121.96438,0.04000,121,632.584
92,FWD,122.02501,0.00000,121,632.695
92,FWD,122.10640,-0.00000,121,632.789
92,FWD,122.18634,0.00000,121,632.883
92,FWD,122.27480,0.00000,121,632.993
92,FWD,122.38930,-0.00000,121,633.088
92,FWD,122.49891,0.00000,121,633.183
92,FWD,122.61517,0.01000,121,633.294
92,FWD,122.76203,0.00000,121,633.388
92,FWD,122.89921,0.00000,121,633.482
92,FWD,123.04012,0.01000,121,633.561
92,FWD,123.14090,0.00000,121,633.639
92,FWD,123.27657,-0.01000,121,633.719
92,FWD,123.39417,0.01000,121,633.797
92,FWD,123.51281,-0.00000,121,633.891
92,FWD,123.65385,-0.00000,121,633.985
92,FWD,123.79527,0.00000,121,634.095
92,FWD,123.95958,0.00000,121,634.189
92,FWD,124.10169,-0.00000,121,634.284
92,FWD,124.24239,0.01000,121,634.393
92,FWD,124.40771,0.02000,121,634.488
92,FWD,124.54876,0.10000,121,634.582
92,FWD,124.68945,0.32000,122,634.691
92,BWD,124.76067,2.69000,122,635.054
92,BWD,124.75631,2.59000,122,635.147
92,BWD,124.74291,2.38000,122,635.242
92,BWD,124.71885,1.75000,122,635.337
92,BWD,124.68967,1.42000,122,635.414
92,BWD,124.65711,1.13000,123,635.493
92,BWD,124.61809,0.48000,123,635.588
92,BWD,124.56347,0.19000,123,635.681
92,BWD,124.49982,0.08000,123,635.791
92,BWD,124.41434,0.04000,123,635.885
92,BWD,124.33183,0.03000,123,635.995
92,BWD,124.22458,0.00000,123,636.089
92,BWD,124.12204,0.00000,123,636.184
92,BWD,124.02573,-0.00000,123,636.294
92,BWD,123.86931,0.02000,123,636.388
92,BWD,123.73923,0.01000,123,636.482
92,BWD,123.61197,0.01000,123,636.593
92,BWD,123.43496,0.01000,123,636.687
92,BWD,123.29333,0.01000,123,636.781
92,BWD,123.15670,0.01000,123,636.892
92,BWD,122.98672,0.01000,123,636.986
92,BWD,122.84515,-0.01000,123,637.080
92,BWD,122.70954,0.00000,123,637.190
92,BWD,122.57834,0.00000,123,637.284
92,BWD,122.45875,-0.00000,123,637.394
92,BWD,122.33088,0.01000,123,637.488
92,BWD,122.23092,0.00000,123,637.583
92,BWD,122.14066,0.02000,123,637.693
92,BWD,122.04675,0.00000,123,637.787
92,BWD,121.97625,-0.01000,123,637.881
92,BWD,121.91504,0.01000,123,637.991
92,BWD,121.85572,0.01000,123,638.087
92,BWD,121.81474,0.01000,123,638.180
92,BWD,121.78268,0.00000,123,638.290
92,BWD,121.75674,0.01000,123,638.384
92,BWD,121.74387,0.02000,123,638.495
92,BWD,121.74006,0.01000,123,638.590
92,BWD,121.74578,0.01000,123,638.684
92,BWD,121.76128,0.01000,123,638.794
92,BWD,121.78126,0.01000,123,638.888
92,BWD,121.78931,0.01000,123,638.982
93,FWD,121.79000,0.02000,123,639.029
93,FWD,121.79408,0.00000,123,639.107
93,FWD,121.80247,0.00000,123,639.186
93,FWD,121.82097,-0.01000,123,639.281
93,FWD,121.84901,0.00000,123,639.392
93,FWD,121.89278,0.01000,123,639.486
93,FWD,121.94232,0.01000,123,639.581
93,FWD,121.99625,-0.00000,123,639.690
93,FWD,122.07416,-0.01000,123,639.785
93,FWD,122.15547,0.00000,123,639.880
93,FWD,122.23378,0.02000,123,639.990
93,FWD,122.34850,0.00000,123,640.086
93,FWD,122.46033,0.00000,123,640.195
93,FWD,122.57948,0.01000,123,640.289
93,FWD,122.70288,0.01000,123,640.384
93,FWD,122.83552,0.01000,123,640.494
93,FWD,122.99872,0.00000,123,640.589
93,FWD,123.14105,0.00000,123,640.684
93,FWD,123.28264,0.00000,123,640.793
93,FWD,123.46231,-0.01000,123,640.888
93,FWD,123.58810,0.01000,123,640.982
93,FWD,123.72984,0.01000,123,641.092
93,FWD,123.89488,-0.01000,123,641.186
93,FWD,124.03591,0.01000,123,641.280
93,FWD,124.17796,0.02000,123,641.390
93,FWD,124.34252,0.01000,123,641.485
93,FWD,124.48393,0.10000,123,641.594
93,FWD,124.64861,0.32000,123,641.689
93,FWD,124.78967,1.74000,124,641.783
93,BWD,124.83768,4.07000,124,642.128
93,BWD,124.83379,3.99000,124,642.207
93,BWD,124.82370,3.78000,124,642.286
93,BWD,124.80759,3.36000,124,642.395
93,BWD,124.77470,2.82000,124,642.489
93,BWD,124.73644,1.47000,124,642.584
93,BWD,124.68959,0.91000,125,642.694
93,BWD,124.62384,0.42000,125,642.789
93,BWD,124.55761,0.14000,125,642.884
93,BWD,124.48260,0.09000,125,642.993
93,BWD,124.38379,0.03000,125,643.087
93,BWD,124.28970,0.01000,125,643.181
93,BWD,124.18694,-0.00000,125,643.291
93,BWD,124.05510,0.01000,125,643.385
93,BWD,123.93285,0.02000,125,643.495
93,BWD,123.77894,-0.01000,125,643.589
93,BWD,123.63891,-0.00000,125,643.684
93,BWD,123.49693,0.01000,125,643.794
93,BWD,123.33197,0.02000,125,643.889
93,BWD,123.18996,0.01000,125,643.983
93,BWD,123.04928,0.00000,125,644.092
93,BWD,122.88428,0.01000,125,644.186
93,BWD,122.74582,0.00000,125,644.281
93,BWD,122.61750,-0.00000,125,644.390
93,BWD,122.47729,0.00000,125,644.485
93,BWD,122.36732,0.01000,125,644.595
93,BWD,122.25056,0.00000,125,644.689
93,BWD,122.15955,0.01000,125,644.783
93,BWD,122.07751,0.00000,125,644.893
93,BWD,121.99293,-0.01000,125,644.988
93,BWD,121.93008,0.01000,125,645.083
93,BWD,121.87631,0.01000,125,645.193
93,BWD,121.82474,-0.00000,125,645.288
93,BWD,121.79028,-0.00000,125,645.382
94,FWD,121.77289,0.02000,125,645.430
94,FWD,121.75551,0.01000,125,645.508
94,FWD,121.74473,-0.00000,125,645.587
94,FWD,121.74014,0.00000,125,645.682
94,FWD,121.74297,0.02000,125,645.792
94,FWD,121.75758,0.01000,125,645.888
94,FWD,121.77968,-0.00000,125,645.981
94,FWD,121.80659,-0.01000,125,646.091
94,FWD,121.85777,-0.00000,125,646.185
94,FWD,121.90816,-0.00000,125,646.295
94,FWD,121.97774,0.00000,125,646.389
94,FWD,122.04739,-0.00000,125,646.484
94,FWD,122.12608,0.01000,125,646.594
94,FWD,122.22832,0.00000,125,646.688
94,FWD,122.32590,0.02000,125,646.782
94,FWD,122.41793,-0.00000,125,646.892
94,FWD,122.55473,0.01000,125,646.986
94,FWD,122.68206,0.01000,125,647.081
94,FWD,122.81776,-0.00000,125,647.190
94,FWD,122.98535,0.01000,125,647.285
94,FWD,123.12881,0.01000,125,647.395
94,FWD,123.29870,0.02000,125,647.489
94,FWD,123.44109,0.01000,125,647.584
94,FWD,123.58147,-0.01000,125,647.693
94,FWD,123.72785,0.01000,125,647.787
94,FWD,123.87297,-0.01000,125,647.883
94,FWD,124.02937,-0.01000,125,647.992
94,FWD,124.18373,0.00000,125,648.087
94,FWD,124.32766,0.00000,125,648.181
94,FWD,124.47813,0.11000,125,648.291
94,FWD,124.63971,0.52000,125,648.386
94,FWD,124.78296,2.38000,126,648.495
94,BWD,124.85519,4.35000,126,648.842
94,BWD,124.85142,4.26000,126,648.921
94,BWD,124.84158,4.16000,126,648.999
94,BWD,124.82697,3.53000,126,649.093
94,BWD,124.79810,3.00000,126,649.187
94,BWD,124.76169,2.41000,126,649.282
94,BWD,124.71300,0.98000,126,649.392
94,BWD,124.65282,0.49000,126,649.486
94,BWD,124.58479,0.16000,126,649.580
94,BWD,124.51502,0.06000,126,649.660
94,BWD,124.44716,0.04000,126,649.737
94,BWD,124.37312,0.02000,126,649.815
94,BWD,124.30122,-0.00000,126,649.895
94,BWD,124.20550,0.00000,126,649.989
94,BWD,124.08584,-0.00000,126,650.083
94,BWD,123.97283,0.01000,126,650.193
94,BWD,123.81477,0.01000,126,650.287
94,BWD,123.68256,0.00000,126,650.382
94,BWD,123.54157,0.00000,126,650.491
94,BWD,123.37660,0.00000,126,650.585
94,BWD,123.23592,0.00000,126,650.695
94,BWD,123.07029,-0.00000,126,650.789
94,BWD,122.92926,0.01000,126,650.884
94,BWD,122.78940,0.01000,126,650.993
94,BWD,122.63578,-0.00000,126,651.087
94,BWD,122.51385,-0.00000,126,651.183
94,BWD,122.40105,0.00000,126,651.292
94,BWD,122.28098,0.01000,126,651.386
94,BWD,122.18700,-0.01000,126,651.481
94,BWD,122.10255,0.00000,126,651.590
94,BWD,122.01492,-0.01000,126,651.685
94,BWD,121.94947,0.00000,126,651.795
94,BWD,121.88466,0.02000,126,651.888
94,BWD,121.83844,0.00000,126,651.983
94,BWD,121.80090,0.01000,126,652.094
94,BWD,121.76855,-0.01000,126,652.188
94,BWD,121.75044,0.01000,126,652.282
94,BWD,121.74130,0.01000,126,652.391
94,BWD,121.74152,0.01000,126,652.486
94,BWD,121.75122,0.00000,126,652.580
94,BWD,121.76926,0.02000,126,652.690
94,BWD,121.78561,0.00000,126,652.784
95,FWD,121.78879,0.01000,126,652.816
95,FWD,121.79714,-0.02000,126,652.896
95,FWD,121.80950,0.01000,126,652.990
95,FWD,121.83350,0.01000,126,653.084
95,FWD,121.86645,-0.01000,126,653.193
95,FWD,121.91640,0.02000,126,653.287
95,FWD,121.96879,0.01000,126,653.382
95,FWD,122.02982,0.02000,126,653.491
95,FWD,122.11276,-0.00000,126,653.586
95,FWD,122.19302,0.01000,126,653.680
95,FWD,122.28207,-0.00000,126,653.791
95,FWD,122.39799,0.02000,126,653.885
95,FWD,122.50603,0.01000,126,653.994
95,FWD,122.64420,0.00000,126,654.089
95,FWD,122.77256,0.01000,126,654.184
95,FWD,122.90873,0.00000,126,654.293
95,FWD,123.07433,0.00000,126,654.387
95,FWD,123.19901,0.01000,126,654.455
95,FWD,123.31736,0.02000,126,654.534
95,FWD,123.43557,0.01000,126,654.613
95,FWD,123.55293,0.02000,126,654.692
95,FWD,123.67065,0.01000,126,654.786
95,FWD,123.81135,-0.00000,126,654.895
95,FWD,123.97701,0.00000,126,654.989
95,FWD,124.11868,0.01000,126,655.084
95,FWD,124.25906,-0.00000,126,655.194
95,FWD,124.42373,0.01000,126,655.287
95,FWD,124.56458,0.06000,126,655.382
95,FWD,124.70592,1.93000,127,655.491
95,BWD,124.77785,3.02000,127,655.836
95,BWD,124.77464,2.88000,127,655.915
95,BWD,124.76524,2.68000,127,656.009
95,BWD,124.74578,1.97000,127,656.104
95,BWD,124.71756,1.80000,127,656.198
95,BWD,124.68056,1.14000,127,656.292
95,BWD,124.63455,0.70000,127,656.386
95,BWD,124.58475,0.27000,127,656.480
95,BWD,124.52072,0.07000,127,656.591
95,BWD,124.43021,0.05000,127,656.685
95,BWD,124.35009,0.03000,127,656.779
95,BWD,124.25677,-0.00000,127,656.889
95,BWD,124.13647,0.01000,127,656.984
95,BWD,124.03941,-0.01000,127,657.063
95,BWD,123.92006,0.00000,127,657.157
95,BWD,123.79781,0.01000,127,657.235
95,BWD,123.68428,0.00000,127,657.314
95,BWD,123.56672,0.01000,127,657.392
95,BWD,123.45976,-0.01000,127,657.486
95,BWD,123.31537,-0.00000,127,657.581
95,BWD,123.17152,0.00000,127,657.691
95,BWD,123.00436,0.00000,127,657.785
95,BWD,122.86143,0.00000,127,657.895
95,BWD,122.70277,0.01000,127,657.989
95,BWD,122.57615,-0.00000,127,658.083
95,BWD,122.45903,-0.01000,127,658.193
95,BWD,122.34240,0.01000,127,658.287
95,BWD,122.23460,0.01000,127,658.382
95,BWD,122.14548,0.00000,127,658.492
95,BWD,122.05532,0.00000,127,658.586
95,BWD,121.98244,0.00000,127,658.680
95,BWD,121.92139,0.01000,127,658.790
95,BWD,121.86137,0.00000,127,658.884
95,BWD,121.81924,0.00000,127,658.994
95,BWD,121.78143,0.01000,127,659.088
95,BWD,121.75883,0.01000,127,659.182
95,BWD,121.74446,-0.00000,127,659.293
95,BWD,121.74002,-0.00000,127,659.387
95,BWD,121.74529,-0.01000,127,659.481
95,BWD,121.76082,0.02000,127,659.591
95,BWD,121.77976,-0.00000,127,659.687
95,BWD,121.78914,0.00000,127,659.780
96,FWD,121.79000,0.01000,127,659.827
96,FWD,121.79409,0.01000,127,659.905
96,FWD,121.80430,0.01000,127,659.985
96,FWD,121.82059,0.01000,127,660.094
96,FWD,121.85473,-0.00000,127,660.188
96,FWD,121.89187,-0.01000,127,660.283
96,FWD,121.93880,-0.00000,127,660.392
96,FWD,122.00970,0.00000,127,660.487
96,FWD,122.07095,0.00000,127,660.581
96,FWD,122.14583,0.00000,127,660.691
96,FWD,122.24469,0.01000,127,660.785
96,FWD,122.33966,0.01000,127,660.880
96,FWD,122.44231,0.01000,127,660.989
96,FWD,122.57425,0.01000,127,661.084
96,FWD,122.69700,0.01000,127,661.194
96,FWD,122.85305,0.02000,127,661.289
96,FWD,122.99314,0.00000,127,661.385
96,FWD,123.13511,0.01000,127,661.494
96,FWD,123.30013,0.01000,127,661.588
96,FWD,123.44147,-0.01000,127,661.682
96,FWD,123.58221,0.01000,127,661.760
96,FWD,123.70027,0.00000,127,661.839
96,FWD,123.80316,-0.01000,127,661.917
96,FWD,123.93599,-0.01000,127,661.996
96,FWD,124.05374,-0.00000,127,662.090
96,FWD,124.19479,-0.01000,127,662.185
96,FWD,124.33650,0.03000,127,662.295
96,FWD,124.50185,0.07000,127,662.390
96,FWD,124.64254,0.23000,127,662.484
96,FWD,124.78481,4.24000,128,662.594
96,BWD,124.85801,4.49000,128,662.939
96,BWD,124.85504,4.28000,128,663.017
96,BWD,124.84482,4.04000,128,663.096
96,BWD,124.82908,3.88000,128,663.191
96,BWD,124.80197,2.64000,128,663.285
96,BWD,124.76591,1.99000,128,663.395
96,BWD,124.71291,1.40000,129,663.488
96,BWD,124.65772,0.81000,129,663.582
96,BWD,124.59364,0.14000,129,663.692
96,BWD,124.50764,0.08000,129,663.786
96,BWD,124.42435,0.06000,129,663.880
96,BWD,124.33258,0.01000,129,663.990
96,BWD,124.21367,0.00000,129,664.085
96,BWD,124.10202,-0.00000,129,664.195
96,BWD,123.96081,-0.01000,129,664.289
96,BWD,123.82984,0.00000,129,664.384
96,BWD,123.69003,0.00000,129,664.494
96,BWD,123.52502,0.00000,129,664.588
96,BWD,123.38366,-0.00000,129,664.682
96,BWD,123.24295,0.02000,129,664.792
96,BWD,123.07764,0.00000,129,664.886
96,BWD,122.93621,0.00000,129,664.980
96,BWD,122.79597,0.01000,129,665.090
96,BWD,122.64302,-0.00000,129,665.184
96,BWD,122.52055,0.01000,129,665.294
96,BWD,122.38927,-0.00000,129,665.389
96,BWD,122.28628,-0.00000,129,665.483
96,BWD,122.19216,0.00000,129,665.593
96,BWD,122.09383,0.01000,129,665.687
96,BWD,122.01900,0.00000,129,665.781
96,BWD,121.95330,0.02000,129,665.891
96,BWD,121.88741,0.00000,129,665.985
96,BWD,121.84058,-0.00000,129,666.080
96,BWD,121.80270,0.01000,129,666.190
96,BWD,121.76991,0.00000,129,666.284
96,BWD,121.75294,-0.00000,129,666.394
96,BWD,121.74082,0.03000,129,666.488
96,BWD,121.74121,-0.00000,129,666.582
96,BWD,121.74959,0.00000,129,666.692
96,BWD,121.77115,0.01000,129,666.786
96,BWD,121.78499,0.01000,129,666.880
96,BWD,121.78998,0.01000,129,666.990
97,FWD,121.79000,0.02000,129,667.037
97,FWD,121.79418,0.01000,129,667.132
97,FWD,121.80724,-0.00000,129,667.211
97,FWD,121.82475,0.01000,129,667.289
97,FWD,121.84559,0.01000,129,667.383
97,FWD,121.88235,-0.00000,129,667.495
97,FWD,121.93674,-0.00000,129,667.589
97,FWD,121.99326,0.00000,129,667.683
97,FWD,122.05901,-0.00000,129,667.793
97,FWD,122.14717,-0.01000,129,667.887
97,FWD,122.23247,0.01000,129,667.982
97,FWD,122.32561,-0.01000,129,668.092
97,FWD,122.44545,0.01000,129,668.186
97,FWD,122.55800,0.01000,129,668.280
97,FWD,122.67959,0.01000,129,668.390
97,FWD,122.82200,0.01000,129,668.484
97,FWD,122.97176,-0.00000,129,668.595
97,FWD,123.13208,0.00000,129,668.688
97,FWD,123.27560,-0.01000,129,668.782
97,FWD,123.42020,0.00000,129,668.892
97,FWD,123.58339,0.00000,129,668.987
97,FWD,123.72572,0.01000,129,669.081
97,FWD,123.86691,0.01000,129,669.191
97,FWD,124.03199,0.00000,129,669.286
97,FWD,124.17756,-0.01000,129,669.379
97,FWD,124.31457,-0.00000,129,669.489
97,FWD,124.48039,0.04000,129,669.584
97,FWD,124.63207,0.13000,129,669.694
97,FWD,124.78477,3.14000,130,669.788
97,BWD,124.83422,3.97000,130,670.136
97,BWD,124.83043,3.88000,130,670.214
97,BWD,124.82173,3.37000,130,670.293
97,BWD,124.80449,3.49000,130,670.386
97,BWD,124.77709,2.31000,130,670.480
97,BWD,124.74106,1.74000,130,670.590
97,BWD,124.69385,1.17000,131,670.684
97,BWD,124.63177,0.18000,131,670.795
97,BWD,124.54883,0.11000,131,670.889
97,BWD,124.48051,0.09000,131,670.983
97,BWD,124.39682,0.04000,131,671.093
97,BWD,124.28787,0.01000,131,671.187
97,BWD,124.18439,0.01000,131,671.282
97,BWD,124.07301,0.00000,131,671.392
97,BWD,123.93154,0.00000,131,671.485
97,BWD,123.80054,-0.01000,131,671.580
97,BWD,123.66023,0.00000,131,671.690
97,BWD,123.49683,-0.01000,131,671.784
97,BWD,123.35490,0.02000,131,671.894
97,BWD,123.18988,0.01000,131,671.988
97,BWD,123.04849,-0.01000,131,672.083
97,BWD,122.90749,0.00000,131,672.193
97,BWD,122.74583,0.00000,131,672.287
97,BWD,122.61604,0.01000,131,672.381
97,BWD,122.49619,0.01000,131,672.491
97,BWD,122.36746,0.01000,131,672.586
97,BWD,122.26608,0.01000,131,672.680
97,BWD,122.17403,0.00000,131,672.758
97,BWD,122.10349,0.00000,131,672.837
97,BWD,122.04684,0.00000,131,672.913
97,BWD,121.98248,0.01000,131,672.994
97,BWD,121.93055,0.01000,131,673.088
97,BWD,121.87675,-0.01000,131,673.182
97,BWD,121.83211,0.00000,131,673.292
97,BWD,121.79094,0.01000,131,673.386
98,FWD,121.76750,0.01000,131,673.480
98,FWD,121.74858,0.00000,131,673.559
98,FWD,121.74205,0.02000,131,673.637
98,FWD,121.74034,0.03000,131,673.716
98,FWD,121.74549,0.00000,131,673.795
98,FWD,121.75672,0.02000,131,673.888
98,FWD,121.77832,0.01000,131,673.982
98,FWD,121.80891,0.01000,131,674.092
98,FWD,121.85569,0.01000,131,674.186
98,FWD,121.90525,0.01000,131,674.280
98,FWD,121.96416,0.01000,131,674.390
98,FWD,122.04352,0.00000,131,674.484
98,FWD,122.12120,-0.00000,131,674.594
98,FWD,122.22333,0.01000,131,674.688
98,FWD,122.32066,0.00000,131,674.783
98,FWD,122.42666,-0.00000,131,674.892
98,FWD,122.56160,0.00000,131,674.987
98,FWD,122.68719,-0.00000,131,675.082
98,FWD,122.82170,0.00000,131,675.192
98,FWD,122.96834,0.00000,131,675.290
98,FWD,123.13345,-0.00000,131,675.384
98,FWD,123.27412,0.03000,131,675.493
98,FWD,123.43916,0.00000,131,675.588
98,FWD,123.58014,0.01000,131,675.682
98,FWD,123.72026,0.01000,131,675.791
98,FWD,123.88486,0.01000,131,675.885
98,FWD,124.02623,0.01000,131,675.979
98,FWD,124.16791,0.00000,131,676.089
98,FWD,124.33158,0.02000,131,676.183
98,FWD,124.47354,0.09000,131,676.293
98,FWD,124.63816,0.21000,131,676.387
98,FWD,124.76263,1.06000,132,676.481
98,BWD,124.82665,3.83000,132,676.827
98,BWD,124.82335,3.75000,132,676.906
98,BWD,124.81381,3.68000,132,677.000
98,BWD,124.79436,3.14000,132,677.094
98,BWD,124.76598,2.75000,132,677.188
98,BWD,124.73395,1.48000,132,677.282
98,BWD,124.68838,0.93000,133,677.392
98,BWD,124.62340,0.46000,133,677.486
98,BWD,124.55727,0.09000,133,677.581
98,BWD,124.48211,0.08000,133,677.690
98,BWD,124.38322,0.02000,133,677.784
98,BWD,124.28826,0.01000,133,677.879
98,BWD,124.18417,0.01000,133,677.988
98,BWD,124.05371,0.03000,133,678.083
98,BWD,123.93179,0.00000,133,678.193
98,BWD,123.79410,0.00000,133,678.287
98,BWD,123.63869,0.00000,133,678.382
98,BWD,123.49834,0.00000,133,678.491
98,BWD,123.34031,-0.00000,133,678.585
98,BWD,123.19173,0.00000,133,678.680
98,BWD,123.04720,0.00000,133,678.789
98,BWD,122.88560,0.01000,133,678.884
98,BWD,122.74729,0.02000,133,678.994
98,BWD,122.59831,0.01000,133,679.087
98,BWD,122.47908,0.01000,133,679.182
98,BWD,122.36852,-0.00000,133,679.292
98,BWD,122.25139,0.00000,133,679.386
98,BWD,122.15814,0.02000,133,679.481
98,BWD,122.07088,-0.01000,133,679.590
98,BWD,121.99373,0.01000,133,679.686
98,BWD,121.93126,0.02000,133,679.780
98,BWD,121.87748,0.01000,133,679.889
98,BWD,121.82594,-0.03000,133,679.984
98,BWD,121.79090,0.02000,133,680.078
99,FWD,121.77585,0.01000,133,680.126
99,FWD,121.75583,0.03000,133,680.204
99,FWD,121.74488,-0.01000,133,680.284
99,FWD,121.74020,-0.01000,133,680.393
99,FWD,121.74459,0.00000,133,680.488
99,FWD,121.75703,-0.01000,133,680.582
99,FWD,121.77892,0.01000,133,680.693
99,FWD,121.81556,0.01000,133,680.787
99,FWD,121.85703,0.02000,133,680.882
99,FWD,121.90725,0.01000,133,680.992
99,FWD,121.97691,-0.00000,133,681.086
99,FWD,122.04674,0.01000,133,681.181
99,FWD,122.12440,0.00000,133,681.290
99,FWD,122.22676,0.00000,133,681.384
99,FWD,122.32437,0.00000,133,681.479
99,FWD,122.43043,-0.01000,133,681.588
99,FWD,122.56568,0.01000,133,681.683
99,FWD,122.69067,0.00000,133,681.792
99,FWD,122.84873,0.03000,133,681.887
99,FWD,122.98999,0.01000,133,681.981
99,FWD,123.13236,0.00000,133,682.091
99,FWD,123.29698,-0.00000,133,682.186
99,FWD,123.43869,0.01000,133,682.280
99,FWD,123.58000,0.01000,133,682.390
99,FWD,123.74502,-0.01000,133,682.485
99,FWD,123.88670,-0.01000,133,682.579
99,FWD,124.02742,0.01000,133,682.688
99,FWD,124.19269,0.01000,133,682.783
99,FWD,124.33408,0.01000,133,682.893
99,FWD,124.49842,0.10000,133,682.987
99,FWD,124.63940,0.35000,133,683.081
99,FWD,124.78123,1.82000,134,683.191
99,BWD,124.85233,4.30000,134,683.553
99,BWD,124.84818,4.14000,134,683.648
99,BWD,124.83517,3.97000,134,683.725
99,BWD,124.81738,3.60000,134,683.804
99,BWD,124.79369,3.08000,134,683.882
99,BWD,124.76365,1.68000,134,683.992
99,BWD,124.71114,1.10000,134,684.086
99,BWD,124.65652,0.58000,135,684.181
99,BWD,124.59334,0.19000,135,684.290
99,BWD,124.50830,0.08000,135,684.385
99,BWD,124.42532,0.03000,135,684.479
99,BWD,124.33425,0.01000,135,684.588
99,BWD,124.21693,0.01000,135,684.682
99,BWD,124.10600,-0.01000,135,684.792
99,BWD,123.96529,0.00000,135,684.887
99,BWD,123.83466,0.01000,135,684.982
99,BWD,123.69660,0.01000,135,685.091
99,BWD,123.53101,0.00000,135,685.186
99,BWD,123.38993,0.01000,135,685.280
99,BWD,123.24881,0.00000,135,685.390
99,BWD,123.08418,0.01000,135,685.484
99,BWD,122.94225,0.01000,135,685.578
99,BWD,122.81724,-0.00000,135,685.656
99,BWD,122.69178,0.01000,135,685.736
99,BWD,122.58633,0.01000,135,685.814
99,BWD,122.48706,0.02000,135,685.894
99,BWD,122.39450,-0.01000,135,685.986
99,BWD,122.29113,0.02000,135,686.080
99,BWD,122.19768,0.02000,135,686.189
99,BWD,122.10909,0.01000,135,686.284
99,BWD,122.03194,0.01000,135,686.378
99,BWD,121.96303,0.01000,135,686.457
99,BWD,121.90593,0.00000,135,686.536
99,BWD,121.86514,-0.01000,135,686.615
99,BWD,121.82888,0.01000,135,686.694
99,BWD,121.79858,0.00000,135,686.788
99,BWD,121.77076,0.01000,135,686.882
99,BWD,121.75226,0.00000,135,686.992
99,BWD,121.74096,0.01000,135,687.087
99,BWD,121.74106,-0.00000,135,687.181
99,BWD,121.74986,-0.00000,135,687.291
99,BWD,121.76820,0.01000,135,687.385
99,BWD,121.78365,0.00000,135,687.479
99,BWD,121.78996,0.00000,135,687.589
100,FWD,121.79000,0.01000,135,687.621
100,FWD,121.79359,0.01000,135,687.700
100,FWD,121.80328,-0.00000,135,687.778
100,FWD,121.81916,0.00000,135,687.888
100,FWD,121.85119,0.01000,135,687.982
100,FWD,121.88936,0.00000,135,688.092
100,FWD,121.94455,0.01000,135,688.187
100,FWD,122.00167,-0.01000,135,688.281
100,FWD,122.06712,0.02000,135,688.391
100,FWD,122.15527,0.01000,135,688.485
100,FWD,122.23986,0.00000,135,688.580
100,FWD,122.33534,-0.01000,135,688.690
100,FWD,122.45023,-0.01000,135,688.784
100,FWD,122.56783,0.02000,135,688.879
100,FWD,122.69758,-0.01000,135,688.989
100,FWD,122.84368,0.01000,135,689.083
100,FWD,122.98378,0.00000,135,689.192
100,FWD,123.14812,0.00000,135,689.286
100,FWD,123.29184,-0.00000,135,689.381
100,FWD,123.43127,0.01000,135,689.491
100,FWD,123.59693,0.01000,135,689.586
100,FWD,123.74657,-0.01000,135,689.680
100,FWD,123.87947,0.00000,135,689.790
100,FWD,124.04934,-0.00000,135,689.885
100,FWD,124.18660,-0.00000,135,689.980
100,FWD,124.32826,0.00000,135,690.089
100,FWD,124.49326,0.08000,135,690.184
100,FWD,124.63428,0.27000,135,690.293
100,FWD,124.79897,1.38000,136,690.387
100,BWD,124.84628,4.14000,136,690.749
100,BWD,124.84191,3.98000,136,690.843
100,BWD,124.82865,3.87000,136,690.937
100,BWD,124.80647,2.97000,136,691.015
100,BWD,124.78101,2.38000,136,691.095
100,BWD,124.74963,1.68000,136,691.189
100,BWD,124.70383,1.12000,137,691.283
100,BWD,124.64883,0.61000,137,691.393
100,BWD,124.57355,0.09000,137,691.488
100,BWD,124.49916,0.07000,137,691.582
100,BWD,124.41616,0.03000,137,691.692
100,BWD,124.30879,-0.00000,137,691.787
100,BWD,124.20639,0.00000,137,691.880
100,BWD,124.09586,-0.00000,137,691.959
100,BWD,123.99707,0.01000,137,692.037
100,BWD,123.90502,0.01000,137,692.115
100,BWD,123.77822,-0.00000,137,692.195
100,BWD,123.66216,0.00000,137,692.289
100,BWD,123.52182,0.00000,137,692.382
100,BWD,123.38142,-0.00000,137,692.491
100,BWD,123.21674,0.00000,137,692.586
100,BWD,123.07535,0.00000,137,692.680
100,BWD,122.93437,0.00000,137,692.759
100,BWD,122.81656,0.01000,137,692.837
100,BWD,122.70361,0.02000,137,692.917
100,BWD,122.59727,0.01000,137,692.996
100,BWD,122.49763,0.00000,137,693.089
100,BWD,122.38572,0.00000,137,693.184
100,BWD,122.28355,0.00000,137,693.293
100,BWD,122.17494,0.00000,137,693.388
100,BWD,122.09135,0.02000,137,693.482
100,BWD,122.01713,0.00000,137,693.592
100,BWD,121.94113,0.01000,137,693.686
100,BWD,121.88589,0.01000,137,693.780
100,BWD,121.83942,0.00000,137,693.890
100,BWD,121.79629,0.02000,137,693.985
100,BWD,121.76916,0.01000,137,694.079
100,BWD,121.75078,0.01000,137,694.189
100,BWD,121.74068,0.00000,137,694.283
100,BWD,121.74139,-0.00000,137,694.393
100,BWD,121.75317,0.01000,137,694.487
100,BWD,121.77180,-0.00000,137,694.581
100,BWD,121.78529,0.00000,137,694.691
